title,issues,author,date,publication_type,rejection_reason
Creepy Girls,NA,NA,NA,NA,NA
The Official Raspberry Pl Handbook 2025,NA,NA,NA,NA,NA
Raspberry Pi July 2025 #155,NA,NA,NA,NA,NA
in Another World With My Smartphone 2,NA,NA,NA,NA,NA
"Log Horizon, The Beginning Of Another World 1",NA,NA,NA,NA,NA
One in Four,NA,NA,NA,NA,NA
Into The Tower,NA,NA,NA,NA,NA
Oh My Goddess! #4,NA,NA,NA,NA,NA
THE IBOGAINE JOURNEY,NA,NA,NA,NA,NA
IBOGAINE EXPLAINED,NA,NA,NA,NA,NA
THE ART OF ASSASSIN'S CREED SHADOWS,NA,NA,NA,NA,NA
Buttons & Lace Book One,NA,NA,NA,NA,NA
Tegami Bachi Volume 15,NA,NA,NA,NA,NA
The Counsellor,NA,NA,NA,NA,NA
Iron Flame,NA,NA,NA,NA,NA
Inmate Shopper 2024-2025,NA,NA,NA,NA,NA
A Shaman Redemption- Shaman King Volumes 28-29-30,NA,NA,NA,NA,NA
"Konosuba: God's Blessing on this Wonderful World 1 ,",NA,NA,NA,NA,NA
A Shaman Victorious- Shaman King,NA,NA,NA,NA,NA
The Daily Laws,NA,NA,NA,NA,NA
Conquer the Command Line,NA,NA,NA,NA,NA
Kite Issue #18 Featuring Albee AL :,NA,NA,NA,NA,NA
Kite Issue #19 Featuring Fetty Wap,NA,NA,NA,NA,NA
The Ascent,NA,NA,NA,NA,NA
Accel World 6,NA,NA,NA,NA,NA
To Your Eternity 5,NA,NA,NA,NA,NA
Dead Pool Kills the Marvel Universe,NA,NA,NA,NA,NA
Dead X-Men,NA,NA,NA,NA,NA
The Coldest Winter Ever,NA,NA,NA,NA,NA
Kill or be Killed Vol. 1,NA,NA,NA,NA,NA
Manga & Chibis,NA,NA,NA,NA,NA
Grimm Fairy Tales Volume 1 (Adult Coloring Book),NA,NA,NA,NA,NA
To Your Eternity 4,NA,NA,NA,NA,NA
The Path of Ascension Book Nine,NA,NA,NA,NA,NA
A PERFECT EVIL,NA,NA,NA,NA,NA
SPLIT SECOND,NA,NA,NA,NA,NA
GO Viral Snow Bunnies Volume 6,NA,NA,NA,NA,NA
C'ezanne .,NA,NA,NA,NA,NA
Tattoo Society Issue 74,NA,NA,NA,NA,NA
Shadow’'s Seventh Step,NA,NA,NA,NA,NA
Demon Slayer 22,NA,NA,NA,NA,NA
Demon Slayer 23,NA,NA,NA,NA,NA
Survivors Manual: Survival In Solitary,NA,NA,NA,NA,NA
Savage Hearts 2,NA,NA,NA,NA,NA
Dungeon Diving 102,NA,NA,NA,NA,NA
Dungeon Diving 101,NA,NA,NA,NA,NA
Riding the Rap,NA,NA,NA,NA,NA
The Satanic Rituals: Companion to The Satanic Bible,NA,NA,NA,NA,NA
Plus Sized Elf 2,NA,NA,NA,NA,NA
Plus Sized Elf 3,NA,NA,NA,NA,NA
A Novel Luxe Two,NA,NA,NA,NA,NA
A Novel Luxe Book One,NA,NA,NA,NA,NA
Ortho's All About Wiring Basics,NA,NA,NA,NA,NA
Buckskin Morgan's Squaw,NA,NA,NA,NA,NA
Call of the Night Volume 1,NA,NA,NA,NA,NA
Secret Sneyd,NA,NA,NA,NA,NA
Hood Gossip Issue #4,NA,NA,NA,NA,NA
Nana & Kaoru: Escalating 'S&M' Love Comedy Volume 1,NA,NA,NA,NA,NA
How Not To Summon A Demon Lord Volume 6,NA,NA,NA,NA,NA
Please Go Home Miss Ajutsu! Volume 1,NA,NA,NA,NA,NA
The Cartel 7,NA,NA,NA,NA,NA
Under Her Skin,NA,NA,NA,NA,NA
In His Hands,NA,NA,NA,NA,NA
Wait With Me,NA,NA,NA,NA,NA
By Her Touch,NA,NA,NA,NA,NA
Making Stuff & Doing Things: A Collection of DIY Guides to Doing Just About Everything,NA,NA,NA,NA,NA
Beautiful You,NA,NA,NA,NA,NA
That Time | Got Drunk and Saved A Demon,NA,NA,NA,NA,NA
Fight Club 3,NA,NA,NA,NA,NA
Bait Off-Color Stories for You to Color,NA,NA,NA,NA,NA
Palahniuk Snuff,NA,NA,NA,NA,NA
Tattoo Design Book,NA,NA,NA,NA,NA
Twisted Hate Book 3,NA,NA,NA,NA,NA
Pawg Stars!,NA,NA,NA,NA,NA
Thick Models Volume 1,NA,NA,NA,NA,NA
Badlands,NA,NA,NA,NA,NA
A Lick of Frost,NA,NA,NA,NA,NA
The Highway,NA,NA,NA,NA,NA
Detective Comics: 80 Years of Batman the Deluxe Edition,NA,NA,NA,NA,NA
Watchmen Companion,NA,NA,NA,NA,NA
Harley Quinn: 30 Years of The Maid of Mischief the Deluxe Edition,NA,NA,NA,NA,NA
Arrest and Escape In Austrailia,NA,NA,NA,NA,NA
Dark Rising- The Art of Aly Fell,NA,NA,NA,NA,NA
Batman The Killing Joke,NA,NA,NA,NA,NA
Marvel Multiverse Role-Playing Game vol616 (07/19/24),NA,NA,NA,NA,NA
Dark Places,NA,NA,NA,NA,NA
Lord of the Rings Roleplaying,NA,NA,NA,NA,NA
Mistrel's Kiss,NA,NA,NA,NA,NA
THIQ,NA,NA,NA,NA,NA
How to Photograph People,NA,NA,NA,NA,NA
The Art of Brian Rood,NA,NA,NA,NA,NA
Fever Pitch 2,NA,NA,NA,NA,NA
How Not to Summon a Demon Lord Vol 4,NA,NA,NA,NA,NA
How Not to Summon a Demon Lord Vol 3,NA,NA,NA,NA,NA
How Not to Summon a Demon Lord Vol 1,NA,NA,NA,NA,NA
How Not to Summon a Demon Lord Vol 2,NA,NA,NA,NA,NA
Edward Reed's Atlantica A School of Mermaids,NA,NA,NA,NA,NA
Parasyte Volume 7,NA,NA,NA,NA,NA
The Other Side of Midnight,NA,NA,NA,NA,NA
Tell Me To Stop,NA,NA,NA,NA,NA
The Good Girl ;,NA,NA,NA,NA,NA
Castle Core,NA,NA,NA,NA,NA
XXL Spring 2024,NA,NA,NA,NA,NA
Pretty Fatgirlz Volume 1 Featuring Amanda XO,NA,NA,NA,NA,NA
The Dopeman's Wife,NA,NA,NA,NA,NA
Haunted,NA,NA,NA,NA,NA
Twisted Lies Book 4,NA,NA,NA,NA,NA
The Art of War,NA,NA,NA,NA,NA
Let The Right One In,NA,NA,NA,NA,NA
Love in Hell The Complete Trilogy,NA,NA,NA,NA,NA
Whooty DA Magazine Snowbunnies and Honeys,NA,NA,NA,NA,NA
Chasing Beauty,NA,NA,NA,NA,NA
Fingerprints,NA,NA,NA,NA,NA
DC Universe Rebirth Justice League VS Suicide Squad Prelude #8,NA,NA,NA,NA,NA
DC Universe Rebirth - Suicide SQUAD #7 - Jan 2017,NA,NA,NA,NA,NA
DC Universe Rebirth - Suicide SQUAD #6 - Jan 2017,NA,NA,NA,NA,NA
Enlightenment from a Soul in a Box,NA,NA,NA,NA,NA
Made In Abyss Volume 12,NA,NA,NA,NA,NA
Saga Vol 10,NA,NA,NA,NA,NA
Gun Honey Collision Course,NA,NA,NA,NA,NA
High School DxD Vol. 13,NA,NA,NA,NA,NA
Previews The Comic Shop's Catalog June 2024,NA,NA,NA,NA,NA
Electrical Wiring 17th Edition Commercial,NA,NA,NA,NA,NA
Gun Honey Blood For Blood,NA,NA,NA,NA,NA
Gun Honey Volume 1,NA,NA,NA,NA,NA
"300,000,000",NA,NA,NA,NA,NA
Wired,NA,NA,NA,NA,NA
im Not a Succubus ! Volume 4,NA,NA,NA,NA,NA
TOXIC,NA,NA,NA,NA,NA
How Not to Summon a Demon Lord Vol5,NA,NA,NA,NA,NA
Do or Die,NA,NA,NA,NA,NA
The Fifth Season,NA,NA,NA,NA,NA
The Obelisk Gate,NA,NA,NA,NA,NA
American Hotties March 2018 Volume 1 Featuring Christina Cortez,NA,NA,NA,NA,NA
Spice & Wolf,NA,NA,NA,NA,NA
Car Show Hotties March 2016 Volume 2 Featuring Ari La Modelo,NA,NA,NA,NA,NA
Car Show Hotties March 2013 Volume 1 Featuring Erica Sanchez,NA,NA,NA,NA,NA
Car Show Hotties; March 2017 Vol. 3 Featuring Nikki Love,NA,NA,NA,NA,NA
Count to Ten,NA,NA,NA,NA,NA
Tokyo,NA,NA,NA,NA,NA
Road Atlas Scenic Drives Edition United States Canada Mexico,NA,NA,NA,NA,NA
Gypsy Brothers Book 4: Four Score & Alternate,NA,NA,NA,NA,NA
Gypsy Brothers Book 3: Five Miles,NA,NA,NA,NA,NA
Gypsy Brothers Book 2 Six Brothers,NA,NA,NA,NA,NA
Gypsy Brothers Book 1 Seven Sons,NA,NA,NA,NA,NA
A Prince Will Rise...Black Gangster,NA,NA,NA,NA,NA
G-Spot An Urban Erotic Tale,NA,NA,NA,NA,NA
The Adventures of Huckleberry Finn,NA,NA,NA,NA,NA
Assholes Finish First,NA,NA,NA,NA,NA
"Dirty Spanish Workbook, 101 Fun Exercises Filled with Slang, Sex and Swearing",NA,NA,NA,NA,NA
Vitamin O,NA,NA,NA,NA,NA
Promises and Pomegranates,NA,NA,NA,NA,NA
Crime Pays The Triple Cross,NA,NA,NA,NA,NA
The Devil's Harvest,NA,NA,NA,NA,NA
Winter Prey,NA,NA,NA,NA,NA
A Court of Thorns and Roses Book 1,NA,NA,NA,NA,NA
A Court of Frost and Starlight Book 4,NA,NA,NA,NA,NA
A Court of Mist and Fury Book 2,NA,NA,NA,NA,NA
A Court of Silver and Flames Book 5,NA,NA,NA,NA,NA
The Devil's Triangle,NA,NA,NA,NA,NA
Revenge The Secret Origin OF Emily Thorne,NA,NA,NA,NA,NA
Ugly Love,NA,NA,NA,NA,NA
} Hood Love and Loyalty 3,NA,NA,NA,NA,NA
Black House,NA,NA,NA,NA,NA
The I-5 Killer,NA,NA,NA,NA,NA
King of Wrath,NA,NA,NA,NA,NA
Too Late,NA,NA,NA,NA,NA
Go Viral Latina Model Volume 9 Featuring Alexis Morgan,NA,NA,NA,NA,NA
House of Psychotic Women,NA,NA,NA,NA,NA
Knockouts!,NA,NA,NA,NA,NA
Wanted: Undead or Alive,NA,NA,NA,NA,NA
The Want-Ad Killer,NA,NA,NA,NA,NA
Cross the Tracks,NA,NA,NA,NA,NA
Diary of a Drug Fiend,NA,NA,NA,NA,NA
The Voice of Destruction,NA,NA,NA,NA,NA
Freehand Drawing,NA,NA,NA,NA,NA
Sabbath,NA,NA,NA,NA,NA
House of Flame and Shadow,NA,NA,NA,NA,NA
SAS Survival Handbook 3rd Edition,NA,NA,NA,NA,NA
Ink Nymphs Los Angeles,NA,NA,NA,NA,NA
World's End Harem: Fantasia Vol. 10,NA,NA,NA,NA,NA
Playing Blackjack As A Business,NA,NA,NA,NA,NA
Crime Pays Unfinished Business,NA,NA,NA,NA,NA
Sun Pin: Military Methods,NA,NA,NA,NA,NA
The Seven Military Classics of Ancient China,NA,NA,NA,NA,NA
Crime Pays,NA,NA,NA,NA,NA
Tears of a Hustler 2,NA,NA,NA,NA,NA
Baby Momma Sage Part 1,NA,NA,NA,NA,NA
American Prison,NA,NA,NA,NA,NA
3 Dayz,NA,NA,NA,NA,NA
Kingdom of Ash (Throne of Glass Series Book 8),NA,NA,NA,NA,NA
Maxim,NA,NA,NA,NA,NA
Savages,NA,NA,NA,NA,NA
HR GIGER ;,NA,NA,NA,NA,NA
Plus Sized Elf Volume One,NA,NA,NA,NA,NA
Succubus High,NA,NA,NA,NA,NA
Goblin Slayer Volume 3,NA,NA,NA,NA,NA
Goblin Slayer Volume 1,NA,NA,NA,NA,NA
Goblin Slayer Volume 2,NA,NA,NA,NA,NA
High School DxD 3,NA,NA,NA,NA,NA
Welcome to Succumbus High 2,NA,NA,NA,NA,NA
Moth to a Flame,NA,NA,NA,NA,NA
Tears of a Hustler 3,NA,NA,NA,NA,NA
Tears of a Hustler,NA,NA,NA,NA,NA
Snowflakes Special Edition #2,NA,NA,NA,NA,NA
Buttz Volume 14 Featuring Australian Beauty Hailey,NA,NA,NA,NA,NA
Adults Coloring book,NA,NA,NA,NA,NA
Sexy Anime Girls Coloring Book 2,NA,NA,NA,NA,NA
Sacred Circle,NA,NA,NA,NA,NA
Stolen Heir,NA,NA,NA,NA,NA
Brutal Prince,NA,NA,NA,NA,NA
O-Zone,NA,NA,NA,NA,NA
XXL: Latto Winner Takes All/Sexy Red Killer Mike,NA,NA,NA,NA,NA
Fabula Ultia TTIJIRPG,NA,NA,NA,NA,NA
A Court of Wings and Ruin Book 3,NA,NA,NA,NA,NA
Queen Of Shadows (Throne of Glass Series Book 5),NA,NA,NA,NA,NA
Empire of Storms (Throne of Glass Series Book 6),NA,NA,NA,NA,NA
"Fantasy Costumes For Manga, Anime & Cosplay",NA,NA,NA,NA,NA
Crown Of Midnight (Throne of Glass Series Book 2),NA,NA,NA,NA,NA
Heir of Fire (Throne of Glass Series Book 4),NA,NA,NA,NA,NA
Throne of Glass (Throne of Glass Series Book 1),NA,NA,NA,NA,NA
Monsoon Book 2,NA,NA,NA,NA,NA
The Triumph Of The Sun Book,NA,NA,NA,NA,NA
Blue Horizon Book 3,NA,NA,NA,NA,NA
Dirty Money,NA,NA,NA,NA,NA
Bound By Loyalty,NA,NA,NA,NA,NA
The Moscow Rules of Self-Defense,NA,NA,NA,NA,NA
Non-Negotiable,NA,NA,NA,NA,NA
The Acid House,NA,NA,NA,NA,NA
Ecstasy,NA,NA,NA,NA,NA
Marabou Stork Nightmare,NA,NA,NA,NA,NA
Flying Kites,NA,NA,NA,NA,NA
Asumi-chan is Interested in Lesbian Brothels! Volume 3,NA,NA,NA,NA,NA
Asumi-chan is Interested in Lesbian Brothels! Volume 2,NA,NA,NA,NA,NA
Unstable,NA,NA,NA,NA,NA
Dreams Made Flesh (The Black Jewels Series Book 5),NA,NA,NA,NA,NA
The Invisible Ring (The Black Jewels Book 4),NA,NA,NA,NA,NA
Daughter of the Blood (The Black Jewels Book 1),NA,NA,NA,NA,NA
The Heart Shaped Box,NA,NA,NA,NA,NA
The Spider,NA,NA,NA,NA,NA
The Baby Doll,NA,NA,NA,NA,NA
Lost Girls Book 3 of 3,NA,NA,NA,NA,NA
Lost Girls Book 2 of 3,NA,NA,NA,NA,NA
Lost Girls Book 1 of 3,NA,NA,NA,NA,NA
Memoria De Mis Putas Tristes (Novel is in Spanish),NA,NA,NA,NA,NA
Extaordinary,NA,NA,NA,NA,NA
Recovery Road,NA,NA,NA,NA,NA
The Death Factory,NA,NA,NA,NA,NA
A Piece of Cake,NA,NA,NA,NA,NA
Haunting Of Adeline Part 2,NA,NA,NA,NA,NA
Haunting Adeline Part 1,NA,NA,NA,NA,NA
Allis Not Forgotten,NA,NA,NA,NA,NA
The Marsh King's Daughter,NA,NA,NA,NA,NA
A Light In The Flame,NA,NA,NA,NA,NA
Everyone Must Get Stoned,NA,NA,NA,NA,NA
The Wallflower Wager,NA,NA,NA,NA,NA
Branded by Fire,NA,NA,NA,NA,NA
Where Winter Finds You,NA,NA,NA,NA,NA
Mona Lisa Blossoming,NA,NA,NA,NA,NA
The Best Friend,NA,NA,NA,NA,NA
Court Of The Vampire Queen,NA,NA,NA,NA,NA
The Black Phone,NA,NA,NA,NA,NA
Chaos,NA,NA,NA,NA,NA
Reminders Of Him,NA,NA,NA,NA,NA
The Butterfly Garden,NA,NA,NA,NA,NA
Death Masks,NA,NA,NA,NA,NA
Holly,NA,NA,NA,NA,NA
Does It Hurt?,NA,NA,NA,NA,NA
The Idea Of You,NA,NA,NA,NA,NA
Twist Me,NA,NA,NA,NA,NA
Maybe Not,NA,NA,NA,NA,NA
Maybe Someday,NA,NA,NA,NA,NA
Devil May Cry: Dark-Hunters Series Book 11,NA,NA,NA,NA,NA
Upon The Midnight Clear: Dark-Hunter Series Book 12,NA,NA,NA,NA,NA
Unleash The Night: Dark-Hunters Series Book 8,NA,NA,NA,NA,NA
The Dream Hunter: Dark-Hunter Series Book 10,NA,NA,NA,NA,NA
Dark Side Of The Moon-Dark-Hunters Series Book 9,NA,NA,NA,NA,NA
Buttz The Best of the Hottest Adult Stars Volume 1,NA,NA,NA,NA,NA
Fragments of Horror,NA,NA,NA,NA,NA
Buttz 2020 Calendar Featuring Gabriella Paltrova and Mandy Muse,NA,NA,NA,NA,NA
Buttz 2021 Calendar Featuring Mia Malkova & Natalia Star,NA,NA,NA,NA,NA
Buttz Latina Volume 6 Featuring Amara,NA,NA,NA,NA,NA
Angels & Tomboys,NA,NA,NA,NA,NA
The Romance of Lust,NA,NA,NA,NA,NA
Dragontails 3: A Gallery Girls Collection,NA,NA,NA,NA,NA
Heavenly Bodies: The Art of Bruce Colero,NA,NA,NA,NA,NA
This Time It's Personal Booky Wook 2,NA,NA,NA,NA,NA
The Bossman's Daughters 3,NA,NA,NA,NA,NA
Life After Death,NA,NA,NA,NA,NA
Dirty Empire,NA,NA,NA,NA,NA
Night Pleasures ; Book 1 Dark Hunter Series,NA,NA,NA,NA,NA
"Night Embrace: Dark-Hunters Series Book 2 ,",NA,NA,NA,NA,NA
She's Just Like Me Never Send A Man To Do AWomen's Job,NA,NA,NA,NA,NA
Yuri's Vengeance,NA,NA,NA,NA,NA
Sweet Mercy Empire Night Club Book 1,NA,NA,NA,NA,NA
The Prada Plan 2,NA,NA,NA,NA,NA
The Prada Plan,NA,NA,NA,NA,NA
The Golden Cage,NA,NA,NA,NA,NA
A Slow Fire Burning,NA,NA,NA,NA,NA
Rarri 2 Down For The Crown,NA,NA,NA,NA,NA
Reckless Road,NA,NA,NA,NA,NA
Matisse,NA,NA,NA,NA,NA
When I'm With You,NA,NA,NA,NA,NA
Tattoo Revue November 2022 Issue 192,NA,NA,NA,NA,NA
A Toxic Love,NA,NA,NA,NA,NA
Yearning For Yuri .,NA,NA,NA,NA,NA
Dark Psychology and Manipulation Bible 12 books in 1,NA,NA,NA,NA,NA
YKTV Platinum Volume 8 Foreplay,NA,NA,NA,NA,NA
A Storm of Swords,NA,NA,NA,NA,NA
The Shadows,NA,NA,NA,NA,NA
The King,NA,NA,NA,NA,NA
How To Draw Manga The Female Figure,NA,NA,NA,NA,NA
Lust Killer,NA,NA,NA,NA,NA
Knee Deep inthe Game,NA,NA,NA,NA,NA
Parallel Paradise #13,NA,NA,NA,NA,NA
Parallel Paradise #5,NA,NA,NA,NA,NA
Parallel Paradise Volume 4,NA,NA,NA,NA,NA
Ero Ninja Scrolls Volume 5,NA,NA,NA,NA,NA
High School DxD 2,NA,NA,NA,NA,NA
Your Dad Will Do,NA,NA,NA,NA,NA
Do You like Big Girls Volume 3,NA,NA,NA,NA,NA
Do You Like Big Girls Volume 2,NA,NA,NA,NA,NA
Dan Da Dan Volume 4,NA,NA,NA,NA,NA
Do You Like Big Girls Volume 4,NA,NA,NA,NA,NA
Broken,NA,NA,NA,NA,NA
Grayscale Coloring Book Chicano Vintage Tattoo,NA,NA,NA,NA,NA
Ink From The Pen Issue 37,NA,NA,NA,NA,NA
Ink From The Pen Issue 36,NA,NA,NA,NA,NA
A Moment Of Silence,NA,NA,NA,NA,NA
The Family 3 Business The Return Of Vegas,NA,NA,NA,NA,NA
Might As Well Cheat Volume 3,NA,NA,NA,NA,NA
Double Your Pleasure A Twin Yuri Anthology,NA,NA,NA,NA,NA
Desire Pandora Volume 3,NA,NA,NA,NA,NA
Desire Pandora Volume 1,NA,NA,NA,NA,NA
The Witches of Adamas Volume 3,NA,NA,NA,NA,NA
Asumi-Chan Is Interested In Lesbian Brothels Volume 1,NA,NA,NA,NA,NA
Ero Ninja Scrolls Volume 3,NA,NA,NA,NA,NA
KITE King Shiesty Exclusive/Hip Hop 50th Anniversary Greatest Of All Time Issue 17,NA,NA,NA,NA,NA
Twisted Games Book 2,NA,NA,NA,NA,NA
Twisted Love Book 1,NA,NA,NA,NA,NA
Anime Milf Coloring Book,NA,NA,NA,NA,NA
High Gloss,NA,NA,NA,NA,NA
Gangsta Rap Coloring Book,NA,NA,NA,NA,NA
Body of Art,NA,NA,NA,NA,NA
Lighting the Nude,NA,NA,NA,NA,NA
Inside A Thug’s Heart,NA,NA,NA,NA,NA
House of Secrets,NA,NA,NA,NA,NA
Extempore,NA,NA,NA,NA,NA
Fairy Tales,NA,NA,NA,NA,NA
Liberatore,NA,NA,NA,NA,NA
Time Stop Hero,NA,NA,NA,NA,NA
Saki the Succubus Hungers Tonight Vol 1,NA,NA,NA,NA,NA
Hex Wives,NA,NA,NA,NA,NA
Sordid Past,NA,NA,NA,NA,NA
Divine Raiment Magical Girl Howling Moon,NA,NA,NA,NA,NA
Crave,NA,NA,NA,NA,NA
Covet,NA,NA,NA,NA,NA
Immortal,NA,NA,NA,NA,NA
Possession,NA,NA,NA,NA,NA
Goat Viral | Heart Girls Gold Volume 2,NA,NA,NA,NA,NA
Locksmith Training; A Beginner's Guide To Locksmith,NA,NA,NA,NA,NA
The Complete Book of Locks and Locksmithing,NA,NA,NA,NA,NA
Tabu Tattoo Issue 74 May 2023,NA,NA,NA,NA,NA
Tabu Tattoo Issue 73 December 2022,NA,NA,NA,NA,NA
Latina Spice Director's cut,NA,NA,NA,NA,NA
Craving,NA,NA,NA,NA,NA
YKTV Viral | Heart Girls Platinum Volume 8 Featuring Angelina,NA,NA,NA,NA,NA
Buttz Volume 13 Violet & Beautiful Vicky,NA,NA,NA,NA,NA
BeautiesBeasts,NA,NA,NA,NA,NA
Personal,NA,NA,NA,NA,NA
Hip Hop Honeys,NA,NA,NA,NA,NA
The Black Farm,NA,NA,NA,NA,NA
Rose In Bloom,NA,NA,NA,NA,NA
Annihilation Road,NA,NA,NA,NA,NA
Savage Road,NA,NA,NA,NA,NA
TEMPTING DUSTY,NA,NA,NA,NA,NA
The Witches of Adamas Vol. 2,NA,NA,NA,NA,NA
Ero Ninja Scrolls Vol. 4,NA,NA,NA,NA,NA
Scar Tissue,NA,NA,NA,NA,NA
Pennsylvania Dutch Cook Book of Fine Old Recipes,NA,NA,NA,NA,NA
Cat in A Hot Girls Dorm Volume 2,NA,NA,NA,NA,NA
Drugstore Cowboy,NA,NA,NA,NA,NA
The Snake Who Loved a Sparrow,NA,NA,NA,NA,NA
Anime Figures: Tokyo's Hottest 50 Figurines,NA,NA,NA,NA,NA
Fastner & Larson's Devil's Playground,NA,NA,NA,NA,NA
Go Viral Volume 4 Snow Bunnies Featuring Shaina,NA,NA,NA,NA,NA
ShyGirl Magazine 12 Year Anniversary Issue Featuring Kazumi Squirts,NA,NA,NA,NA,NA
Barbee GoTube Volume #2 Featuring Make a Wish Star,NA,NA,NA,NA,NA
Go Viral 2023 The Baddest Ladies in the Game 2023 Calendar w/Bonus Month,NA,NA,NA,NA,NA
Ridin with Rick The 21 Keys of Success,NA,NA,NA,NA,NA
FOUND IN YOU,NA,NA,NA,NA,NA
FIXED ON YOU,NA,NA,NA,NA,NA
FOREVER WITH YOU,NA,NA,NA,NA,NA
Beach Bunnies Premiere Issue - Kelsie Monroe,NA,NA,NA,NA,NA
Gabriel Fallen Empire Nightclub Book 2,NA,NA,NA,NA,NA
Dangerous Secrets,NA,NA,NA,NA,NA
Night Play: Dark-Hunter Series Book 5,NA,NA,NA,NA,NA
GO VIRAL The Hottest in Hip Hop Culture and More Snow Bunnies Volume 4 Featuring Shaina,NA,NA,NA,NA,NA
Sylvia Kristel From Emmanuelle to Chabrol,NA,NA,NA,NA,NA
Enchanted: Erotic Fairy Tales,NA,NA,NA,NA,NA
Gypsy Brothers Book 1-4 (Series),NA,NA,NA,NA,NA
Tempt Me,NA,NA,NA,NA,NA
Teach Me,NA,NA,NA,NA,NA
Break Me,NA,NA,NA,NA,NA
Night Shift,NA,NA,NA,NA,NA
Modern Withcraft With The Greek Gods,NA,NA,NA,NA,NA
Wings of Conquest Dragon Song,NA,NA,NA,NA,NA
Land Of the Rising Dead A Tokyo School Girl's Guide to Surviving the Zombie Apocalypse,NA,NA,NA,NA,NA
Dance With The Devil: Dark-Hunters Series Book 3,NA,NA,NA,NA,NA
Carl Weber's Five Families of New York,NA,NA,NA,NA,NA
Ethic Book 2,NA,NA,NA,NA,NA
Gods & Gangsters,NA,NA,NA,NA,NA
The Resurrectionist,NA,NA,NA,NA,NA
Carl Weber's Kingpin Chicago,NA,NA,NA,NA,NA
Carl Weber's Kingpins Memphis,NA,NA,NA,NA,NA
The Wolf King's Lair 6,NA,NA,NA,NA,NA
The Wolf King's Lair 5,NA,NA,NA,NA,NA
The Wolf King’s Lair 4,NA,NA,NA,NA,NA
The Wolf King's Lair 3,NA,NA,NA,NA,NA
The Wolf King's Lair 2,NA,NA,NA,NA,NA
The Wolf King’s Lair 1,NA,NA,NA,NA,NA
The Cost of Loyalty,NA,NA,NA,NA,NA
The Cost of Loyalty 2,NA,NA,NA,NA,NA
The Cost of Loyalty 3,NA,NA,NA,NA,NA
Butterfly 3,NA,NA,NA,NA,NA
Butterfly 2,NA,NA,NA,NA,NA
Burn This Journal,NA,NA,NA,NA,NA
Anatomy For Sculptors,NA,NA,NA,NA,NA
Color: A Complete Guide For Artists,NA,NA,NA,NA,NA
Kite Issue #6 Featuring Lili Baby & French Montana,NA,NA,NA,NA,NA
Draculina: Blood Simple,NA,NA,NA,NA,NA
The Complete Book of Drawing,NA,NA,NA,NA,NA
NAIMAH,NA,NA,NA,NA,NA
Monster Musume | Heart Monster Girls 2,NA,NA,NA,NA,NA
"How To Become A Mercenary The Ultimate Guide to Weapons, Training, and Tactics",NA,NA,NA,NA,NA
Juggalo,NA,NA,NA,NA,NA
Happy Valentine's Day Love Erika,NA,NA,NA,NA,NA
Ethic Book 4,NA,NA,NA,NA,NA
Ethic Book 3,NA,NA,NA,NA,NA
Thugs and the Women Who Love Them,NA,NA,NA,NA,NA
Thug Matrimony,NA,NA,NA,NA,NA
"Pussy Power: She Uses What She Has, to Get What She Wants",NA,NA,NA,NA,NA
Suicide Girls Issue 2 2007 Courtney Riot,NA,NA,NA,NA,NA
Does a Hot Elf Live Next Door to You? 1,NA,NA,NA,NA,NA
Cat In a Hot Girls' Dorm 1,NA,NA,NA,NA,NA
YKTV ForePlay Gold Number 5 Featuring Mya Bliss,NA,NA,NA,NA,NA
YKTV Foreplay Black #5 Featuring Nikki,NA,NA,NA,NA,NA
YKTV Fore Play Platinum Number 5 Featuring Alison Bootyland,NA,NA,NA,NA,NA
Best Performances,NA,NA,NA,NA,NA
Yunna And The Haunted Hot Springs 7,NA,NA,NA,NA,NA
The Laws of Human Nature,NA,NA,NA,NA,NA
Guitar Chords Wheel Book,NA,NA,NA,NA,NA
Grimm Fairy Tales: Adult Coloring Book (with Alice in Wonderland Cover Page),NA,NA,NA,NA,NA
YKTV Foreplay Platinum #6 Featuring Val Dodds,NA,NA,NA,NA,NA
YKTV Foreplay Black #6 Featuring Shawna Crenshaw,NA,NA,NA,NA,NA
YKTV Foreplay Gold #6 Featuring Kristina Rose,NA,NA,NA,NA,NA
YKTV Foreplay Red S.E Issue 2 Featuring Cici,NA,NA,NA,NA,NA
Los Senores Del Narco,NA,NA,NA,NA,NA
Saki the Succubus Hungers to Night Vol 2,NA,NA,NA,NA,NA
The Cartel 1,NA,NA,NA,NA,NA
Even the Preacher Got a Side Chick 2,NA,NA,NA,NA,NA
KITE Issue #13 Rest in Power Yong Dolph,NA,NA,NA,NA,NA
KITE Issue #15 Kodak Black Yak,NA,NA,NA,NA,NA
Barbee Black Redit-X Issue 3,NA,NA,NA,NA,NA
Neonomicon,NA,NA,NA,NA,NA
Wiedergeburt: Legend of the Reincarnated Warrior #1,NA,NA,NA,NA,NA
"Wiedergeburt: Legend of the Reincarnated Warrior, Vol. 6",NA,NA,NA,NA,NA
"Wiedergeburt: Legend of the Reincarnated Warrior, Vol. 2",NA,NA,NA,NA,NA
Qanon+ The Pizzagates of Hell,NA,NA,NA,NA,NA
GOVIRAL Curvz & Boobs Featuring Rose Monroe And Friends Volume #1,NA,NA,NA,NA,NA
Davis's Drug Guide For NURSES,NA,NA,NA,NA,NA
Blood In My Eye,NA,NA,NA,NA,NA
Noche de Iguala,NA,NA,NA,NA,NA
Infiltrado en el Cartel de Sinaloa,NA,NA,NA,NA,NA
"Rand McNally America's #1 Road Atlas 2023 United States, Canada, & Mexico",NA,NA,NA,NA,NA
To Die For The People,NA,NA,NA,NA,NA
Strippers Issue 3 The Return of South America's Finest FT Lissa Aires,NA,NA,NA,NA,NA
Pretty Girls Love Bad Boys: The Prisoner's Guide to Getting Girls,NA,NA,NA,NA,NA
Pimpology: The 7 Isms of the Game,NA,NA,NA,NA,NA
"Jailhouse Publishing : For Money, Power and Fame!",NA,NA,NA,NA,NA
"Get Out, Get Rich",NA,NA,NA,NA,NA
The Millionare Prisoner,NA,NA,NA,NA,NA
Road To Mastery 6,NA,NA,NA,NA,NA
Road To Mastery 5,NA,NA,NA,NA,NA
Road to Mastery 4,NA,NA,NA,NA,NA
Defiance Of The Fall 14,NA,NA,NA,NA,NA
Rosario+Vampire Season Il Volume 1,NA,NA,NA,NA,NA
"HE WHO FIGHTS WITH MONSTERS, BOOK 12",NA,NA,NA,NA,NA
"FOREST OF DESIRE, THE ALCHEMIST #2",NA,NA,NA,NA,NA
"TEARS OF ALRON, THE ALCHEMIST #3 ;",NA,NA,NA,NA,NA
"CITY OF THE DEAD, THE ALCHEMIST #1",NA,NA,NA,NA,NA
"ISR KALE'S JOUNAL, THE ALCHEMIST #4",NA,NA,NA,NA,NA
"TARTILA MINE, THE ALCHEMIST #5",NA,NA,NA,NA,NA
Wicked Ties,NA,NA,NA,NA,NA
Rosario+Vampire Season Il Volume 2,NA,NA,NA,NA,NA
He Who Fights With Monsters Book 3,NA,NA,NA,NA,NA
Demon Slayer Vol. 21,NA,NA,NA,NA,NA
In The Blood,NA,NA,NA,NA,NA
Protecting What's Mine,NA,NA,NA,NA,NA
Rosario+Vampire Season II Volume 3,NA,NA,NA,NA,NA
My Secret Garden Women's Sexual Fantasies,NA,NA,NA,NA,NA
"So I'm s Spider, So What? 6",NA,NA,NA,NA,NA
"So I'm a Spider, So What? 5",NA,NA,NA,NA,NA
Let That Be The Reason,NA,NA,NA,NA,NA
Gym Buddies & Buff Boys,NA,NA,NA,NA,NA
Huge 2,NA,NA,NA,NA,NA
Biker Boys Gay Erotic Stories,NA,NA,NA,NA,NA
"A Certain Scientific Railgun, Vol 11",NA,NA,NA,NA,NA
Xanathar's Guide To Everything D&D Role Playing Game,NA,NA,NA,NA,NA
Frat Boys Gay Erotic Stories,NA,NA,NA,NA,NA
Boys of Chi Omega Chi Kappa Freshman Initiation,NA,NA,NA,NA,NA
Wired The Rogues Issue 33.07,NA,NA,NA,NA,NA
Minecraft- Guide To: PVP Minigames,NA,NA,NA,NA,NA
Soft Shots,NA,NA,NA,NA,NA
The Ultimate Fantasy Character Creator,NA,NA,NA,NA,NA
Warlord of Mars Dejah Thoris,NA,NA,NA,NA,NA
Dejah Thoris and The Green Men of Mars,NA,NA,NA,NA,NA
Dungeons and Dragons Eberron Campaign Setting,NA,NA,NA,NA,NA
Dungeons and Dragons Heroes of Horror,NA,NA,NA,NA,NA
Pathfinder Roleplaying Game Bestiary 6,NA,NA,NA,NA,NA
Pathfinder Roleplaying Game Bestiary 5,NA,NA,NA,NA,NA
Pathfinder Roleplaying Game Bestiary 4,NA,NA,NA,NA,NA
Pathfinder Roleplaying Game Bestiary 3,NA,NA,NA,NA,NA
Pathfinder Roleplaying Game 2,NA,NA,NA,NA,NA
Pathfinder Roleplaying Game Bestiary,NA,NA,NA,NA,NA
Pathfinders Dark Archive,NA,NA,NA,NA,NA
"CEO MANUAL: START A BUSINESS, BE A BOSS!",NA,NA,NA,NA,NA
Butterfly,NA,NA,NA,NA,NA
YKTV Viral | Love Girls Platinum Vol. #6 Featuring Shady Shaina,NA,NA,NA,NA,NA
Family Handyman Best Tips and Projects 2022,NA,NA,NA,NA,NA
KITE Issue #14 Fivio Foreign New King of New York/NBA Youngboy The new Tupac?,NA,NA,NA,NA,NA
YKTV Viral Love Girls Red Vol 2 Starring CICI,NA,NA,NA,NA,NA
"The Black Hand The Bloody Rise and Redemption of ""Boxer"" Enriquez, A Mexican Mob Killer",NA,NA,NA,NA,NA
Tattooisme,NA,NA,NA,NA,NA
The Gathering of the Juggalos,NA,NA,NA,NA,NA
The Tattoo Project,NA,NA,NA,NA,NA
How to Succeed from Prison,NA,NA,NA,NA,NA
Dirty White Boys,NA,NA,NA,NA,NA
Go Viral Latina Models Hip Hop Culture & More Volume #8 Featuring Lexi,NA,NA,NA,NA,NA
Buttz Latina Issue 3 Featuring Katrina & Canela,NA,NA,NA,NA,NA
A Comprehensive Guide to Bruce Lee's Martial Way,NA,NA,NA,NA,NA
Buttz Backshotz Volume 4 Featuring Anikka & AJ,NA,NA,NA,NA,NA
Sizzle Magazine Issue 1 Featuring T.Kash Sexy,NA,NA,NA,NA,NA
Jiggle Magazine Issue 1 Featuring Blue Rose,NA,NA,NA,NA,NA
Barbie Issue 1 Featuring Toochi Kash,NA,NA,NA,NA,NA
Butter Magazine Issue 1 Featuring Tammy,NA,NA,NA,NA,NA
The Cell Block Presents The Prison Manual The Complete Guide To Surviving The American Pr,NA,NA,NA,NA,NA
The Gell Block Presents The Best Resource Directory For Prisoners,NA,NA,NA,NA,NA
Thug-A-Licious,NA,NA,NA,NA,NA
The Day The Streets Stood Still,NA,NA,NA,NA,NA
TROUBLESHOOTING & MAINTAINING PCS,NA,NA,NA,NA,NA
THE GOOD LIFE,NA,NA,NA,NA,NA
BEAUTY'S PUNISHMENT,NA,NA,NA,NA,NA
THE CLAIMING OF SLEEPING BEAUTY,NA,NA,NA,NA,NA
BEAUTY'S RELEASE,NA,NA,NA,NA,NA
Gun Digest April 2022 Vol 39 Issue 05,NA,NA,NA,NA,NA
Gun Digest February 2022 Vol 39 Issue 02,NA,NA,NA,NA,NA
Gun Digest January 2022 Vol 39 Issue 01,NA,NA,NA,NA,NA
Gun Digest December 2021 Vol 38 Issue 16,NA,NA,NA,NA,NA
Backwoods Survival Guide Living Off The Land Issue 15,NA,NA,NA,NA,NA
All In One CompTIA A+ Certification Exam Guide,NA,NA,NA,NA,NA
Banzai Girls Stripped Down,NA,NA,NA,NA,NA
Sports Illustrated Portfolio Idyllic Shores,NA,NA,NA,NA,NA
High Stakes an Erotic Novella,NA,NA,NA,NA,NA
Sun Dancing The Great Sioux Piercing Ritual,NA,NA,NA,NA,NA
The Witch's Book of Spirits,NA,NA,NA,NA,NA
Food Wars Shokugeki No Soma Vol 1,NA,NA,NA,NA,NA
Simply Tai Chi,NA,NA,NA,NA,NA
Thick Magazine Slim Thick Pretty Boss Special Edition Vol2,NA,NA,NA,NA,NA
YKTV Viral Nicki Manaj Queen Volume 1 Sexy Summer Edition,NA,NA,NA,NA,NA
Drip Volume #1 Greatest of All Time Featuring Mano and Al Lyrical,NA,NA,NA,NA,NA
YKTV Viral Vol 7 Black Starring Daisy Parker,NA,NA,NA,NA,NA
ASIS Magazine The Crime Book Volume 6 Featuring BMF and Big Meech,NA,NA,NA,NA,NA
Stalked and Strangled Dennis Rader: The BTK Killer,NA,NA,NA,NA,NA
YKTV SPECIAL Viral Bimmy From Ganster to Goat with DJ Enuff,NA,NA,NA,NA,NA
Buttz Hottest Adult Stars Volume 2 MILFS Featuring Richelle Ryan,NA,NA,NA,NA,NA
Buttz Volume 7 Hottest Porn Stars Featuring Mia and Vicki cover girls,NA,NA,NA,NA,NA
YKTV Magazine Virol I Love Girls Volume 6 Starring Hollywood Brittany,NA,NA,NA,NA,NA
Sports Illustrated Swimsuit: 50 years of beautiful,NA,NA,NA,NA,NA
XXL Summer 2022 15th Anniversary Freshman Class 2022,NA,NA,NA,NA,NA
Dulce Latina Best of Dulce Latina Part 2,NA,NA,NA,NA,NA
Berlin Noir,NA,NA,NA,NA,NA
Gun Digest Vol 39 Issue 07 June 2022,NA,NA,NA,NA,NA
Gun Digest Vol 39 Issue 04 March 2022,NA,NA,NA,NA,NA
Gun Digest Vol 39 Issue 09 July 2022,NA,NA,NA,NA,NA
Gun Digest Vol 39 Issue 06 May 2022,NA,NA,NA,NA,NA
Gun Digest Vol 39 Issue 10 August 2022,NA,NA,NA,NA,NA
The Family Business 3 The Return of Vegas,NA,NA,NA,NA,NA
The Family Business,NA,NA,NA,NA,NA
WWE Greatest Rivalries,NA,NA,NA,NA,NA
White Oleander,NA,NA,NA,NA,NA
Fifty Shades Freed,NA,NA,NA,NA,NA
Fifty Shades Darker,NA,NA,NA,NA,NA
Fifty Shades of Grey,NA,NA,NA,NA,NA
Cheeks vs Bunz Latina Exclusive 2 in 1 magazine edition,NA,NA,NA,NA,NA
Straight Stuntin 55 Pornstar Model Edition Kakey,NA,NA,NA,NA,NA
Straight Stuntin 28 XXXposure Limited Pornstar Issue Roxy Reynolds,NA,NA,NA,NA,NA
Buttz MILFS Vol5 Kaira Mia,NA,NA,NA,NA,NA
Buttz Vol 9 Payton Preslee,NA,NA,NA,NA,NA
The Ultimate Book of Decorative Knots,NA,NA,NA,NA,NA
"Do Preserve Make your own jams, chutneys, pickles and cordials",NA,NA,NA,NA,NA
Go Viral Hip Hop Culture Volume 13 featuring Nicki Minaj,NA,NA,NA,NA,NA
The Hot House,NA,NA,NA,NA,NA
The Brie Collection Books 4-6,NA,NA,NA,NA,NA
Tabu Tattoo Issue 71 April 2022,NA,NA,NA,NA,NA
Straight Stuntin 2020 #58 Snow Bunny Collection Jenna Shae,NA,NA,NA,NA,NA
Tabu Tattoo issue 72 July 2022,NA,NA,NA,NA,NA
The Truth Detector,NA,NA,NA,NA,NA
44 Chapters About 4 Men,NA,NA,NA,NA,NA
The Prelude to Teleny,NA,NA,NA,NA,NA
Desire Pandora Volume 2,NA,NA,NA,NA,NA
Pajama Party,NA,NA,NA,NA,NA
Straight Stuntin Urban Model Legends 2020 La'Starya and Ashley Logan,NA,NA,NA,NA,NA
"Fyne Girlz Magazine Patriotic 2 Kristina Divine, Star Candy, and Miyah Amor",NA,NA,NA,NA,NA
Pillow Talk Non-Nude Photo Book,NA,NA,NA,NA,NA
Boys & Sex,NA,NA,NA,NA,NA
Buttz Presents Exotic Curves Volume 1 Featuring August Taylor,NA,NA,NA,NA,NA
The Brie Collection Books 1-3,NA,NA,NA,NA,NA
Belit & Valeria: Swords vs Sorcery #2,NA,NA,NA,NA,NA
Belit & Valeria: Swords vs Sorcery #1,NA,NA,NA,NA,NA
Death Dealer #2,NA,NA,NA,NA,NA
Death Dealer #1,NA,NA,NA,NA,NA
"Daily Star Saturday, April 23, 2022",NA,NA,NA,NA,NA
Pretty Girls Love Bad Boys,NA,NA,NA,NA,NA
Parallel Paradise Vol 7,NA,NA,NA,NA,NA
Do-It-Yourself Java Games: An Introduction to Java Computer Programming,NA,NA,NA,NA,NA
Python Programming for Beginners,NA,NA,NA,NA,NA
Spawn Origins Collection Band 1,NA,NA,NA,NA,NA
Inked Magazine July 2022,NA,NA,NA,NA,NA
Cosmopolitan 'The Holy Grail Issue' Issue #2 Volume 271,NA,NA,NA,NA,NA
The Ultimate Prepper's Handbook,NA,NA,NA,NA,NA
Evil,NA,NA,NA,NA,NA
The Step Child,NA,NA,NA,NA,NA
The Plumber's Bible: A Practical Step-by-Step Home Repair Guide,NA,NA,NA,NA,NA
KITE DM Volume 4 Redbone Noe Bars 2 Barz and Maria Miliann,NA,NA,NA,NA,NA
Guilty But Innocent From Teen to A Con,NA,NA,NA,NA,NA
Ink From The Pen Issue 25,NA,NA,NA,NA,NA
Ink From The Pen Issue 10 Guilty Pleasures,NA,NA,NA,NA,NA
Monster The Autobiography of an L.A. Gang Member,NA,NA,NA,NA,NA
What's The Science Issue #6 Featuring Slim Dymes and 6-Keys,NA,NA,NA,NA,NA
"What's The Science The ""Exclusive"" 2022 Calendar",NA,NA,NA,NA,NA
Stunnaz Magazine Inked Issue 3 Featuring The Body XXX and Issue 4 Featuring M Dot,NA,NA,NA,NA,NA
Stunnaz Magazine Inked Issue 1 Featuring Juicy Badass and Issue 2 Featuring Jayda Starr,NA,NA,NA,NA,NA
The Ultimate Tattoo Course: The Complete Tattoo Apprentice Guide,NA,NA,NA,NA,NA
Herbal Medic,NA,NA,NA,NA,NA
Thick Magazine Presents Stephanie Santiago The Magazine Issue 1,NA,NA,NA,NA,NA
! Dime Piece Magazine Issue 6 Featuring Tammy Torres,NA,NA,NA,NA,NA
Black Men Volume 16 Issue 4 Back Shot Review Featuring Kaylin Garcia,NA,NA,NA,NA,NA
Black Men Sexy Vixens Volume 15 Issue 6,NA,NA,NA,NA,NA
Go Viral ‘Pictorial’ A Compilation of the Baddest on Social Media Volume 3 Lexi and Heaven,NA,NA,NA,NA,NA
KITE DM Volume 2 Chinese Kitty The Baddest Female Rapper in the Game,NA,NA,NA,NA,NA
The Useful Knots Book: How to Tie the 25+ Most Practical Knots,NA,NA,NA,NA,NA
Go Vizual Issue 1 Kim Kardashian and Bernice Burgos,NA,NA,NA,NA,NA
Tatted Bottle Girls/Vixenz Issue #2 Brittanya Razavi and Liana,NA,NA,NA,NA,NA
Thick Magazine Presents Thick vs Slim Thick Volume 3 Slim Exotica and Skittlez,NA,NA,NA,NA,NA
Go Viral 10th Anniversary Collectors Edition,NA,NA,NA,NA,NA
Hot Girl Safari Sexy Girl Parade Goliath Parade Volume 1,NA,NA,NA,NA,NA
"Buttz ""Nothing But Pornstars"" Volume 11 Alexis ;",NA,NA,NA,NA,NA
Culture Girl World Premiere Issue Volume 1 Latin Action K Goddess and Sammi J,NA,NA,NA,NA,NA
Buttz ‘Nothing But Pornstars’ Backshotz Volume 2 Bailey Brooke,NA,NA,NA,NA,NA
Go Viral Instagram Models Hip Hop Culture & More Volume 9 Tribute to the Legends DMX,NA,NA,NA,NA,NA
Go Viral Ebony Models Hip Hop Culture & More Volume 2 Irene,NA,NA,NA,NA,NA
In the Rogue Blood,NA,NA,NA,NA,NA
Murder in the Family,NA,NA,NA,NA,NA
The Isis Papers,NA,NA,NA,NA,NA
"Blue Rage, Black Redemption",NA,NA,NA,NA,NA
U.S. Army Survival Manual,NA,NA,NA,NA,NA
How to Disappear and Never Be Found,NA,NA,NA,NA,NA
Mountain Man Skills,NA,NA,NA,NA,NA
Dark Psychology and Manipulation,NA,NA,NA,NA,NA
iPhone for Dummies,NA,NA,NA,NA,NA
Loyalty & Deceit,NA,NA,NA,NA,NA
Black Scarface,NA,NA,NA,NA,NA
'Adore Anniversary Part 1 - Ruby Stonez & Natalie,NA,NA,NA,NA,NA
Thick In All The Right Places Issue 18 Introducing Damineek,NA,NA,NA,NA,NA
40 Plus Issue #1 featuring Legendary Pornstar Heather Hunter,NA,NA,NA,NA,NA
Inked Stunnaz Magazine Issue 2 The Body XXX,NA,NA,NA,NA,NA
GOAT Red Asian Special Edition,NA,NA,NA,NA,NA
The Cartel 6: The Demise,NA,NA,NA,NA,NA
The Cartel 4: Diamonds are Forever,NA,NA,NA,NA,NA
Animal Il: The Omen,NA,NA,NA,NA,NA
Animal: The Beginning,NA,NA,NA,NA,NA
Shattered By The Darkness,NA,NA,NA,NA,NA
Black Humor,NA,NA,NA,NA,NA
GOAT Viral | Love Girls Gold Volume 5 featuring Ariel,NA,NA,NA,NA,NA
Beachbunnies Featuring Julie Cash and Erin Issue #2,NA,NA,NA,NA,NA
ISO 27001 Handbook implementing and auditing an Information Security Management Syste,NA,NA,NA,NA,NA
IT Security Metrics A Practical Framwork for Measuring Security & Protecting Your Data,NA,NA,NA,NA,NA
Bottles N Modelz Issue 13 The Best of Bottles N Modelz Volume 1,NA,NA,NA,NA,NA
AO Plus Issue 1 Cherokee D'Azz and Heather Hunter,NA,NA,NA,NA,NA
"Thick Magazine Presents Plush XL Issue 8 Nikki, Stephanie, and Alena",NA,NA,NA,NA,NA
Straight Stuntin Bad & Boujee Chinkz The Baddest 2018 Calendar,NA,NA,NA,NA,NA
What's The Science Latina Edition Issue 4 Mizz Dr and Jordan Capo,NA,NA,NA,NA,NA
What's The Science Issue 5 Rosa Acosta and Roxanne Nicole,NA,NA,NA,NA,NA
"QOC (Queen of Curves) Bigger, Better, Wetter! The Wet Edition Volume 4",NA,NA,NA,NA,NA
Art From the Heart,NA,NA,NA,NA,NA
We're All Doing Time,NA,NA,NA,NA,NA
"The Cartel Deluxe Edition, Part 2 Books 4and5",NA,NA,NA,NA,NA
Vendetta Road,NA,NA,NA,NA,NA
Judgement Road,NA,NA,NA,NA,NA
Diagnostic and Statistical Manual of Mental Disorders (DSM-IV),NA,NA,NA,NA,NA
Hood Rat,NA,NA,NA,NA,NA
Still Hood,NA,NA,NA,NA,NA
Section 8,NA,NA,NA,NA,NA
"Dime Piece, Magazine, Issue #3, Kim Chantale",NA,NA,NA,NA,NA
Dulce Latina Volume 5 Introducing Rocky,NA,NA,NA,NA,NA
"Snowflakes, Issue #4, Introducing Ashley Fires, Miss Mosh & Domino",NA,NA,NA,NA,NA
1000 Tattoos,NA,NA,NA,NA,NA
Pink Collar,NA,NA,NA,NA,NA
Scarlet Volume 2,NA,NA,NA,NA,NA
Vengance Road,NA,NA,NA,NA,NA
Straight Stuntin’ Magazine The Best of Latina Legends featuring Cubana Lust,NA,NA,NA,NA,NA
Straight Stuntin' Magazine 40-inches and Better Edition featuring Model Bubbles,NA,NA,NA,NA,NA
Pole BLVD 2022 Calendar,NA,NA,NA,NA,NA
Car Wash A 16-month 2021-2022,NA,NA,NA,NA,NA
Caged Magic,NA,NA,NA,NA,NA
Magical Girl Apocalypse Vol 3,NA,NA,NA,NA,NA
Magical Girl Apocalypse Vol 2,NA,NA,NA,NA,NA
White American Youth,NA,NA,NA,NA,NA
Back to Basics: (Homesteading) A Complete Guide to Traditional Skills (All 4-Editions),NA,NA,NA,NA,NA
The Kite Runner,NA,NA,NA,NA,NA
Pics or it Didn't Happen,NA,NA,NA,NA,NA
Companion for the Apprentice Wizard,NA,NA,NA,NA,NA
Earth Magic: Elements of Witchcraft,NA,NA,NA,NA,NA
Buttz Latina Vol 9 Alina,NA,NA,NA,NA,NA
Conduct Unbecoming,NA,NA,NA,NA,NA
The Devil You Know: A Black Power Manifesto,NA,NA,NA,NA,NA
High School DxD Volume 1,NA,NA,NA,NA,NA
Writing My Wrongs Life Deathand Redemption in An American Prison,NA,NA,NA,NA,NA
The Photo Biography of Bernice Burgo,NA,NA,NA,NA,NA
Strippers & Porn Chicks Issue 1 Bolivian Barbie,NA,NA,NA,NA,NA
Straight Stuntin #56 Winter 2019 Damii Dyme,NA,NA,NA,NA,NA
Drip Issue #1 Lissa Aires & Lady Fe,NA,NA,NA,NA,NA
Rolling Stone January 2021,NA,NA,NA,NA,NA
Go Viral Latina Models Hip Hop Culture & More Volume Number 6 Winny Pooh,NA,NA,NA,NA,NA
Go Viral The Hottest Latina Models & More Volume 1 Vanity,NA,NA,NA,NA,NA
Go Viral Instagram Models Volume #8 Arianny,NA,NA,NA,NA,NA
Go Viral The Hottest Instagram Models Volume #3 Brittanya,NA,NA,NA,NA,NA
Shy Mami's Volume 1 Year 2021 Una Cakez,NA,NA,NA,NA,NA
"Go Viral The Hottest Latina Models & More Volume #4 Catalina ,",NA,NA,NA,NA,NA
Go Viral Latina Models Hip Hop Culture & More Volume 7 Featuring Juanita,NA,NA,NA,NA,NA
Go Viral The Social Media Review Volume 4 Amiradyme,NA,NA,NA,NA,NA
Straight Stuntin' Magazine 14 Year Anniversary PTKNY & Luxury,NA,NA,NA,NA,NA
Tattoo Society Issue #76 featuring Nepthys,NA,NA,NA,NA,NA
The Steel Remains,NA,NA,NA,NA,NA
From Hell,NA,NA,NA,NA,NA
The Strength and Flexibility of Women,NA,NA,NA,NA,NA
The Willie Lynch Letter and the Making of a Slave,NA,NA,NA,NA,NA
The Foxfire Book,NA,NA,NA,NA,NA
Before Night Falls,NA,NA,NA,NA,NA
Programming Computer Programming for Beginners,NA,NA,NA,NA,NA
"White Man's Justice, Black Man's Grief",NA,NA,NA,NA,NA
Sports Betting For Dummies,NA,NA,NA,NA,NA
Rescued Not Arrested True Story of Roger Munchian,NA,NA,NA,NA,NA
Desolation Road,NA,NA,NA,NA,NA
VAMPIRELLA UNHOLY DRACULA ISSUE 02,NA,NA,NA,NA,NA
The Barnes Review Volume XXVVII Number 5 September/October 2021,NA,NA,NA,NA,NA
Sub 0 Phat Puffs Magazine Summer 2019 Issue 16 - Damn Starr X,NA,NA,NA,NA,NA
Sub 0 Phat Puffs Magazine Winter 2019 Issue 15,NA,NA,NA,NA,NA
B.A.D. - Beautiful and Determined,NA,NA,NA,NA,NA
Tabu Tattoo Issue 66 - Cynthia Offishal,NA,NA,NA,NA,NA
The Ultimate Outdoor Survival Guide for Staying Alive and Surviving in the Wilderness,NA,NA,NA,NA,NA
The Graphic Art of Tattoo Lettering,NA,NA,NA,NA,NA
Latina Spice Volume 1,NA,NA,NA,NA,NA
inked January 2021,NA,NA,NA,NA,NA
Foxtail Magazine No. 20,NA,NA,NA,NA,NA
Sub 0 Phat Puffs Magazine Winter 2020 Issue 17 Trini Calypso,NA,NA,NA,NA,NA
Sub 0 Phat Puffs Magazine Issue 14 - Harley Divine,NA,NA,NA,NA,NA
Sub 0 Phat Puffs Magazine Issue 12 - Dope,NA,NA,NA,NA,NA
"Snowflakes Issue 3 - Keisi Monroe, AJ Applegate, Anikka Albrite",NA,NA,NA,NA,NA
Latina Bikini Mammies Issue 2 - Juanita Vargas,NA,NA,NA,NA,NA
Ink From The Pen Issue 31,NA,NA,NA,NA,NA
GOAT Viral | Love Girls Deluxe Jessi Thicc,NA,NA,NA,NA,NA
Bunz Exotic Beauties Issue 1 - Asians vs. Caribbeans,NA,NA,NA,NA,NA
Barbee Issue 2 - Redit-X Sexy Ladies,NA,NA,NA,NA,NA
Black Feathers,NA,NA,NA,NA,NA
Cosplay Pinups,NA,NA,NA,NA,NA
Cowboy Skills,NA,NA,NA,NA,NA
Ethic,NA,NA,NA,NA,NA
The Pill Book,NA,NA,NA,NA,NA
Python Cookbook 3rd Edition,NA,NA,NA,NA,NA
"Socialist Viewpoint Volume 19, No. 6",NA,NA,NA,NA,NA
The Fantasy Art of Calandra,NA,NA,NA,NA,NA
The Master Plan,NA,NA,NA,NA,NA
"The Final Call Volume 40 No. 27 April 13, 2021",NA,NA,NA,NA,NA
"The Final Call Volume 40 No. 26 April 6, 2021",NA,NA,NA,NA,NA
Practical Mental Magic .,NA,NA,NA,NA,NA
Nuts and Volts 2020 Issue 3,NA,NA,NA,NA,NA
Braziliangels,NA,NA,NA,NA,NA
American Hardcore,NA,NA,NA,NA,NA
Weight,NA,NA,NA,NA,NA
Wasting Talent,NA,NA,NA,NA,NA
Under Lock & Key Winter 2021 Number 72,NA,NA,NA,NA,NA
"Under Lock & Key Spring 2020, Number 70",NA,NA,NA,NA,NA
Under Lock & Key Spring 2021 Number 73,NA,NA,NA,NA,NA
XXL Summer 2021,NA,NA,NA,NA,NA
XOTIX Magazine,NA,NA,NA,NA,NA
Sub 0 Phat Puffs Issue #19 Sexy Liz,NA,NA,NA,NA,NA
GOAT Viral Volume 5 Star Brim,NA,NA,NA,NA,NA
YKTV Magazine Viral Volume 3 Pornstragram,NA,NA,NA,NA,NA
Go Viral Volume 11 Strip Club Showdown,NA,NA,NA,NA,NA
Latin Curves 2022-2023 Calendar,NA,NA,NA,NA,NA
"The Philadelphia Trumpet March 2021 Vol. 32, No. 3",NA,NA,NA,NA,NA
"Black Men Drama Issue Volume 15, #7",NA,NA,NA,NA,NA
Slim Girls Issue #9 Kansas and Nefertiti,NA,NA,NA,NA,NA
The Sinister Traditon: Order of Angles,NA,NA,NA,NA,NA
The Satanic Bible,NA,NA,NA,NA,NA
"The Final Call Volume 40 No 25 March 30, 2021",NA,NA,NA,NA,NA
The Testament of Sister New Devil Volume 001,NA,NA,NA,NA,NA
Thick Magazine Ft Kitty Rae White and Lady Fe Issue 14,NA,NA,NA,NA,NA
Thick Magazine Ft Staci Doll and Sexi Barbie Issue 7,NA,NA,NA,NA,NA
Transformation Magazine Issue 85,NA,NA,NA,NA,NA
The Secret Life of Bikers,NA,NA,NA,NA,NA
The Tattoo Textbook,NA,NA,NA,NA,NA
San Francisco Bay View December 2020 Volume 45 No. 12,NA,NA,NA,NA,NA
The Parasite Doctor Suzune,NA,NA,NA,NA,NA
Tattoo Bible Book Three,NA,NA,NA,NA,NA
San Francisco Bay View Volume 44 No. 12 December 2019,NA,NA,NA,NA,NA
Inked March 2022 Issue 114,NA,NA,NA,NA,NA
The Complete Sailing Manual,NA,NA,NA,NA,NA
The Art of Seamanship,NA,NA,NA,NA,NA
Straight Stuntin Holiday Issue Scarmega BX and Roxana Nicole,NA,NA,NA,NA,NA
San Francisco Bay View Volume 44 No. 9 September 2019,NA,NA,NA,NA,NA
) The San Francisco Bay View Volume 44 No. 11 November 2019,NA,NA,NA,NA,NA
San Francisco Bay View Volume 45 July/August 2020,NA,NA,NA,NA,NA
San Francisco Bay View Vol 44 No. 8 August 2019,NA,NA,NA,NA,NA
; Tattoo Super Models,NA,NA,NA,NA,NA
The 50th Law,NA,NA,NA,NA,NA
The 33 Strategies of War,NA,NA,NA,NA,NA
The Art of Seduction,NA,NA,NA,NA,NA
Straight Stuntin Night Life Edition 2021,NA,NA,NA,NA,NA
The Black Arts,NA,NA,NA,NA,NA
The Abolitionist Fall 2018 Issue 30,NA,NA,NA,NA,NA
Socialist Viewpoint Volume 20 No. 4 July/August 2020 Issue,NA,NA,NA,NA,NA
Snowflakes Premiere Issue,NA,NA,NA,NA,NA
Straight Stuntin #61 Anniversary Issue Summer Edition,NA,NA,NA,NA,NA
Straight Stuntin Digital Magazine Volume 2,NA,NA,NA,NA,NA
Sports Illustrated February 2020 Volume 131 No. 1,NA,NA,NA,NA,NA
"Thick Magazine Presents Slim Thick & Hip Hop Ink ""Double Trouble Volume 3 Special Issue",NA,NA,NA,NA,NA
Shomin Sample Volume 4,NA,NA,NA,NA,NA
Shomin Sample Volume 1,NA,NA,NA,NA,NA
San Francisco Bay View November 2020 Volume 45 No. 11,NA,NA,NA,NA,NA
San Francisco Bay View Volume 45 No. 10 October 2020,NA,NA,NA,NA,NA
Skin & Ink Winter 2021,NA,NA,NA,NA,NA
Show The White Issue Black Lingerie Special Cover edition,NA,NA,NA,NA,NA
Motorcycle and Chopper Coloring Book for Bikers,NA,NA,NA,NA,NA
Tattoo Bible Book Two,NA,NA,NA,NA,NA
Tattoo Bible Book One,NA,NA,NA,NA,NA
The Satanic Witch,NA,NA,NA,NA,NA
Go Viral Pictorial’ A Compilation of the Baddest In the Game Volume 1 Jade,NA,NA,NA,NA,NA
Go Viral The Baddest Ladies In the Game 2022 Calendar,NA,NA,NA,NA,NA
Tabu Tattoo August 2021,NA,NA,NA,NA,NA
Go Viral The Hottest Instagram Models and More Volume 6 Mercedes,NA,NA,NA,NA,NA
Go Viral The Hottest Latina Models & More Volume 5 Mikayla,NA,NA,NA,NA,NA
Reactions,NA,NA,NA,NA,NA
Pure Survival: Tactics and Techniques,NA,NA,NA,NA,NA
"Lord High Executioner, The Legendary Mafia Boss Albert Anastasia",NA,NA,NA,NA,NA
"Joey The Hitman, The Autobiography of a Mafia Killer",NA,NA,NA,NA,NA
Buttz Latina Raquel and Spicy J Volume 5,NA,NA,NA,NA,NA
Beachbunnies Featuring Coco and Amanda Nicole Issue #3,NA,NA,NA,NA,NA
Buttz Latina Lela Volume 7,NA,NA,NA,NA,NA
KITE DM Alexis Skyy Pressure Volume 3,NA,NA,NA,NA,NA
Bunz Thick (Thicky Minaj) vs Super Thick (Persian Barbie) P.1|ssue 5,NA,NA,NA,NA,NA
"Heavy Metal, Issue 310",NA,NA,NA,NA,NA
Killing The Mob,NA,NA,NA,NA,NA
Redemption Manual 5 Series Supplemental - The Uniform Commerical Code,NA,NA,NA,NA,NA
PhatPufs Winter 2019 Issue 14,NA,NA,NA,NA,NA
Pinky Playhouse Softcore Issue 001,NA,NA,NA,NA,NA
Prison Ramen,NA,NA,NA,NA,NA
Squeeze Issue 1,NA,NA,NA,NA,NA
Return of the Ancient Ones,NA,NA,NA,NA,NA
"New York Magazine December 23, 2019 to January 5, 2020",NA,NA,NA,NA,NA
Never Split the Difference,NA,NA,NA,NA,NA
The Cartel Deluxe Edition Books 1-3 .,NA,NA,NA,NA,NA
The 48 Laws of Power,NA,NA,NA,NA,NA
Hood Love and Loyalty,NA,NA,NA,NA,NA
God Forgives The Streets Don't 2,NA,NA,NA,NA,NA
God Forgives The Streets Don't,NA,NA,NA,NA,NA
Go Viral The Social Media Review The Hottest Latina Volume 2 Una Cakez,NA,NA,NA,NA,NA
Go Viral Snowbunnies Volume 2 Amber,NA,NA,NA,NA,NA
Go Viral The Social Media Review Volume 5 Amanda Nicole,NA,NA,NA,NA,NA
Go Viral The Social Media Review Volume 2 British Olivia,NA,NA,NA,NA,NA
My Best Friend's Stepfather,NA,NA,NA,NA,NA
Magika: Swordsman and Summoner Volume 6,NA,NA,NA,NA,NA
Monsters,NA,NA,NA,NA,NA
Message to a Blackman in America,NA,NA,NA,NA,NA
Out Magazine June 2020 Issue,NA,NA,NA,NA,NA
Mad Dog's Favorite Prison Recipes,NA,NA,NA,NA,NA
Kream Volume 2,NA,NA,NA,NA,NA
Inked Magazine May 2020,NA,NA,NA,NA,NA
How to Analyze People,NA,NA,NA,NA,NA
Hurricanes,NA,NA,NA,NA,NA
Germany's Black Holocaust 1890-1945,NA,NA,NA,NA,NA
Go Viral The Social Media Review Volume 6 Tahiry,NA,NA,NA,NA,NA
Lust Premier Issue 1,NA,NA,NA,NA,NA
Lineage and Other Stories,NA,NA,NA,NA,NA
Latin Angels Volume 2,NA,NA,NA,NA,NA
KG Body Number 6,NA,NA,NA,NA,NA
KITE: Are Rappers Being Targeted Issue 10,NA,NA,NA,NA,NA
Go Viral The Hottest Big Body Instagram Models Volume 1 Gracie,NA,NA,NA,NA,NA
Hostia: Order of Nine Angels,NA,NA,NA,NA,NA
"Hood, Love and Loyalty 2",NA,NA,NA,NA,NA
Hands-On Data Structures and Algorithms with Python,NA,NA,NA,NA,NA
Hebrews to Negros,NA,NA,NA,NA,NA
GOB #7 2020 Issue,NA,NA,NA,NA,NA
GOB #6 2020 Issue,NA,NA,NA,NA,NA
Go Viral Volume 2,NA,NA,NA,NA,NA
Esquire September 2019,NA,NA,NA,NA,NA
Caliente Volume 3,NA,NA,NA,NA,NA
Cheeks Volume 3,NA,NA,NA,NA,NA
Guilty Pleasures: Pin Ups,NA,NA,NA,NA,NA
Cooking in the Big House Inmate Cuisine,NA,NA,NA,NA,NA
"Creative Snacks, Meals, Beverages and Desserts You Can Make Behind Bars",NA,NA,NA,NA,NA
Flaming Arrows,NA,NA,NA,NA,NA
Fallen Angel,NA,NA,NA,NA,NA
IG MAMI's Issue 1,NA,NA,NA,NA,NA
Magenta Volume 4 Drop Dead Gorgeous,NA,NA,NA,NA,NA
Drakaina Masters,NA,NA,NA,NA,NA
Balthus Cats and Girls,NA,NA,NA,NA,NA
Draconian Ritual Book,NA,NA,NA,NA,NA
Revelations The Photography of Howard Justice,NA,NA,NA,NA,NA
Dulce Latina Volume 4,NA,NA,NA,NA,NA
Damn Girl 2nd Issue,NA,NA,NA,NA,NA
Go Viral Volume #1 Instagram Models Lissa Aires by Rhymes and Dimes,NA,NA,NA,NA,NA
Go Viral Volume #1 The Hottest Instagram Snow Bunnies Featuring Ashley,NA,NA,NA,NA,NA
Tabu Tattoo October 2021 Issue 70,NA,NA,NA,NA,NA
Thick Magazine Presents Plush XL Issue 7,NA,NA,NA,NA,NA
The Burning Spear Volume 34 #11 July 2021,NA,NA,NA,NA,NA
Tahiry The Magazine,NA,NA,NA,NA,NA
Straight Stuntin Back Shots Edition Volume 2,NA,NA,NA,NA,NA
Straight Stuntin Back Shots Edition #60,NA,NA,NA,NA,NA
Go Viral Curvz and Boobs Volume. 1,NA,NA,NA,NA,NA
GOAT Viral Love Girls Platinum Volume 2,NA,NA,NA,NA,NA
GOAT Viral | Love Girls Black Volume 2,NA,NA,NA,NA,NA
GOAT Viral | Love Girls Black Volume 4,NA,NA,NA,NA,NA
GOAT Viral | Love Girls Black Volume 3,NA,NA,NA,NA,NA
GOAT Viral | Love Girls Platinum Volume 5,NA,NA,NA,NA,NA
GOAT Viral Love Girls Black Volume 5,NA,NA,NA,NA,NA
GOAT Viral Asian | Heart Girls Special Edition,NA,NA,NA,NA,NA
GOAT Viral Volume 11 R.1.P. Earl 'DMX' Simmons,NA,NA,NA,NA,NA
GOAT Viral Volume 12 Rowdy Rebel,NA,NA,NA,NA,NA
BMF: The Rise and Fall of Big Meech and the Black Mafia Family,NA,NA,NA,NA,NA
Buttz Ebony Volume 1 July 2019,NA,NA,NA,NA,NA
"Bushcraft, The Ultimate Guide to Survival in the Wilderness",NA,NA,NA,NA,NA
Bunz Magazine Latina Hot & Spicy Edition Issue 3,NA,NA,NA,NA,NA
KG Body Issue 7,NA,NA,NA,NA,NA
Best of Dulce Latina Part 1 Volume 6,NA,NA,NA,NA,NA
Bunz Best Vixens Volume 6,NA,NA,NA,NA,NA
ASIS Magazine Presents Assets,NA,NA,NA,NA,NA
"Alle'chant Belles Magazine Issue 1, Volume 1",NA,NA,NA,NA,NA
Bunz Ebony Chocolate vs Caramel Issue 2,NA,NA,NA,NA,NA
Babes School Girls Edition Premiere Issue 1,NA,NA,NA,NA,NA
AS iS Issue 5,NA,NA,NA,NA,NA
Apathy and Other Small Victories,NA,NA,NA,NA,NA
American Hotties Volume 1 March 2018,NA,NA,NA,NA,NA
Don't be Deceived: The Definitive Book on Detecting Deception,NA,NA,NA,NA,NA
The San Francisco BayView Volume 46 No.8 August 2021,NA,NA,NA,NA,NA
The Burning Spear Volume 34 No. 12 August 2021,NA,NA,NA,NA,NA
The Complete Illustrated Guide to Tai Chi,NA,NA,NA,NA,NA
"Go Viral The Social Media Review Volume 7 Big Latto ""Mulatto”",NA,NA,NA,NA,NA
Monster Marriage Shop vol 2,NA,NA,NA,NA,NA
Cubana,NA,NA,NA,NA,NA
"Burn, Brothers of Ink and Steel",NA,NA,NA,NA,NA
Marvel Multiverse The Cataclysm of Kang RPG,NA,NA,NA,NA,NA
Marvel Multiverse Role-playing Game Core Rulebook,NA,NA,NA,NA,NA
Warmaster 4: Sorrowvale,NA,NA,NA,NA,NA
Warmaster 3: Gamboling Coil,NA,NA,NA,NA,NA
Warmaster 2: Winter's Peril,NA,NA,NA,NA,NA
Warmaster 1: Dungeon Spiteful,NA,NA,NA,NA,NA
GRIFFIN & SABINE ANEXTRAORDINARY CORRESSPONDENCE,NA,NA,NA,NA,NA
Mage Tank Book One,NA,NA,NA,NA,NA
Pathfinder Player Core Second Edition,NA,NA,NA,NA,NA
Pathfinder Player Core 2 Second Edition,NA,NA,NA,NA,NA
Baphomet,NA,NA,NA,NA,NA
The Demon Girl Next Door,NA,NA,NA,NA,NA
Carl Weber's Kingpins Queens,NA,NA,NA,NA,NA
Pretend You're Mine,NA,NA,NA,NA,NA
Micah,NA,NA,NA,NA,NA
Danse Macabre,NA,NA,NA,NA,NA
The Ashley Book of Knots,NA,NA,NA,NA,NA
Fated to the Alpha (Fated Series Book 1),NA,NA,NA,NA,NA
Berserk 1 Deluxe Edition,NA,NA,NA,NA,NA
The Legend of Zelda Tears of the Kingdom,NA,NA,NA,NA,NA
Pathfinder GM Core,NA,NA,NA,NA,NA
Daddy,NA,NA,NA,NA,NA
Rosario Vampire 4,NA,NA,NA,NA,NA
Fire Force 01,NA,NA,NA,NA,NA
Fire Force Omnibus 01,NA,NA,NA,NA,NA
Prison Stories,NA,NA,NA,NA,NA
Pathfinder Ultimate Wilderness,NA,NA,NA,NA,NA
Power Hold'em Strategy,NA,NA,NA,NA,NA
The Holland Family Saga Part Two Undying Love,NA,NA,NA,NA,NA
The Holland Family Saga They Don't Mind Dying,NA,NA,NA,NA,NA
InitialD,NA,NA,NA,NA,NA
Corpse Thieves,NA,NA,NA,NA,NA
Shantaram,NA,NA,NA,NA,NA
Drakken RPG- Classic Sword & Sorcery,NA,NA,NA,NA,NA
Plus Sized Elf vol 8,NA,NA,NA,NA,NA
Electronic Gadgets for the Evil Genius,NA,NA,NA,NA,NA
Age of Empires IV The Official Companion Book,NA,NA,NA,NA,NA
Age of Empires lV Complete Guide,NA,NA,NA,NA,NA
Burning Alive The Sentinel Wars,NA,NA,NA,NA,NA
Hells Angels Into The Abyss,NA,NA,NA,NA,NA
Easy Riders May/June 2025 Issue 594,NA,NA,NA,NA,NA
i'Adore Issue 10,NA,NA,NA,NA,NA
13 Steps to Mentalism,NA,NA,NA,NA,NA
Caliente Mujeres Latinas Volume 1,NA,NA,NA,NA,NA
Demoniality: Incubi and Succubi,NA,NA,NA,NA,NA
Hummingbird,NA,NA,NA,NA,NA
Thick Limited Edition #2 In All the Right Places,NA,NA,NA,NA,NA
Big Jugs Issue # 1 Lexie and Kaylee,NA,NA,NA,NA,NA
Kream Volume 3 100% Snowbunnies,NA,NA,NA,NA,NA
Lust Issue 2,NA,NA,NA,NA,NA
Cheeks Volume 4,NA,NA,NA,NA,NA
KITE DM Issue #1 Yellowdol vs Gissydoll & Maria Miliann,NA,NA,NA,NA,NA
PM Magazine Issue #1,NA,NA,NA,NA,NA
Thick Issue #19 Pinky XXX vs Roxy Reynolds,NA,NA,NA,NA,NA
Serial Killers The Horrific True Crime Stories Behind 4 Infamous Serial Killers That Shocked th,NA,NA,NA,NA,NA
"Jeffrey Dahmer A Terrifying True Story of Rape, Murder & Cannibalism",NA,NA,NA,NA,NA
"Quick, Practical Guide to Doing Ham Radio",NA,NA,NA,NA,NA
Cheeks Volume #1 Limited Edition,NA,NA,NA,NA,NA
Know You Are Lying,NA,NA,NA,NA,NA
Black Magic for Dark Times,NA,NA,NA,NA,NA
Thick Magazine Presents Gems Flawless Beauties,NA,NA,NA,NA,NA
Buttz Latina 'Nothing But Pornstars’ Volume 8 Cover Model Luna,NA,NA,NA,NA,NA
Chica Volume 1,NA,NA,NA,NA,NA
Marked For Life: A Gallery of Tattoo Art,NA,NA,NA,NA,NA
"Primitive Technology A Survivalist's Guide to Building Tools, Shelters & More in The Wild",NA,NA,NA,NA,NA
The Art of Jose Cano A Passion for Pin Ups,NA,NA,NA,NA,NA
Chinese Tattoo Art,NA,NA,NA,NA,NA
The Shot Caller,NA,NA,NA,NA,NA
"QOC (Queen of Curves) Cakes, Candy & Curves Volume 5",NA,NA,NA,NA,NA
Convict Felon Catalog Issue 2,NA,NA,NA,NA,NA
Ethic Book 6,NA,NA,NA,NA,NA
Kandigirlz Presents Body Backshot Boogie Issue 1,NA,NA,NA,NA,NA
Ethic Book 5,NA,NA,NA,NA,NA
Prepare for Anything Survival Manual,NA,NA,NA,NA,NA
Thick Mami's Issue #1,NA,NA,NA,NA,NA
The Color Purple,NA,NA,NA,NA,NA
Baxxz Issue 1,NA,NA,NA,NA,NA
Pathfinder Elemental Masters Handbook,NA,NA,NA,NA,NA
Pathfinder Antihero's Handbook,NA,NA,NA,NA,NA
Pathfinder Blood of the Night,NA,NA,NA,NA,NA
The Best Resource Directory for Prisoners 2025,NA,NA,NA,NA,NA
Pathfinder Plane-Hopper's Handbook,NA,NA,NA,NA,NA
Pathfinder Mythic Origins,NA,NA,NA,NA,NA
Pathfinder Thornkeep,NA,NA,NA,NA,NA
Code Finder Electrical,NA,NA,NA,NA,NA
Soul Eater Vol 1,NA,NA,NA,NA,NA
So What's Wrong With Getting Reborn As A Goblin? Volume 3,NA,NA,NA,NA,NA
Hoodwinked,NA,NA,NA,NA,NA
True To The Game,NA,NA,NA,NA,NA
The Cartel Deluxe Edition Books 4 and 5,NA,NA,NA,NA,NA
Championship Omaha,NA,NA,NA,NA,NA
The Mammoth Book of Bizarre Crimes,NA,NA,NA,NA,NA
Tattoo Johnny,NA,NA,NA,NA,NA
The Walking Dead Universe Roleplaying Core Rules,NA,NA,NA,NA,NA
Enchantments A beginner witch’s guide,NA,NA,NA,NA,NA
The Magic of Marie Laveau,NA,NA,NA,NA,NA
A Book of Pagan Family Prayers & Rituals,NA,NA,NA,NA,NA
Wicked Witches,NA,NA,NA,NA,NA
Shantae Swimsuit Special,NA,NA,NA,NA,NA
Tokyo Ghoul 7,NA,NA,NA,NA,NA
Midnight A Gangster Love Story,NA,NA,NA,NA,NA
Mythic Adventure Generator Role Playing System,NA,NA,NA,NA,NA
Four Against Darkness,NA,NA,NA,NA,NA
Four Against The Abyss,NA,NA,NA,NA,NA
Four Against the Great Old Ones,NA,NA,NA,NA,NA
Incubus Dreams,NA,NA,NA,NA,NA
Narcissus In Chains,NA,NA,NA,NA,NA
HE WHO FIGHTS WITH MONSTERS-BOOK SIX,NA,NA,NA,NA,NA
If We Ever Meet Again: If Love Book One,NA,NA,NA,NA,NA
The Baby Bargain: Once a Marine,NA,NA,NA,NA,NA
Savaged Surrender,NA,NA,NA,NA,NA
Too Late,NA,NA,NA,NA,NA
HE WHO FIGHTS WITH MONSTERS-BOOK FIVE,NA,NA,NA,NA,NA
HE WHO FIGHTS WITH MONSTERS-BOOK FOUR,NA,NA,NA,NA,NA
Butterfly 4,NA,NA,NA,NA,NA
INFLAME -6,NA,NA,NA,NA,NA
RUTHLESS-5,NA,NA,NA,NA,NA
Maybe Someday,NA,NA,NA,NA,NA
It Starts With Us,NA,NA,NA,NA,NA
Reminders of Him,NA,NA,NA,NA,NA
Reckless Road,NA,NA,NA,NA,NA
Phantom Game: A Ghostwalker Novel,NA,NA,NA,NA,NA
THESAURIZE 10,NA,NA,NA,NA,NA
TENACITY 9,NA,NA,NA,NA,NA
THUNDERPLUMP 11,NA,NA,NA,NA,NA
The Solid Ones,NA,NA,NA,NA,NA
Dungeon's & Dragons Tasha's Cauldron of Everything,NA,NA,NA,NA,NA
Advanced Dungeons & Dragons: Player's Handbook,NA,NA,NA,NA,NA
Stirring Giant,NA,NA,NA,NA,NA
Twisted Loyalties,NA,NA,NA,NA,NA
Corpse Thieves,NA,NA,NA,NA,NA
Brooklyn,NA,NA,NA,NA,NA
Queens,NA,NA,NA,NA,NA
Love and Gunplay,NA,NA,NA,NA,NA
"Bunz Best of Vixens 2018-2019-2020 Issue 6 Featuring Foxy, Roxy and Kitty",NA,NA,NA,NA,NA
True to the Game II,NA,NA,NA,NA,NA
The Family Business (2025),NA,NA,NA,NA,NA
Pokemon Super Duper Extra Deluxe Essential Handbook,NA,NA,NA,NA,NA
"Go Viral Special Edition Swimsuit Issue, #1 Featuring Megan Thee Stallion",NA,NA,NA,NA,NA
Harlem,NA,NA,NA,NA,NA
My Secret Garden,NA,NA,NA,NA,NA
Monster Marriage,NA,NA,NA,NA,NA
Welcome to Succubus High Volume 6,NA,NA,NA,NA,NA
UNSEEN VOGUE The Secret History of Fashion Photography,NA,NA,NA,NA,NA
XXL Glorilla & Sexyy Red,NA,NA,NA,NA,NA
In Another World With My Smartphone Volume 5,NA,NA,NA,NA,NA
Uzaki-Chan Wants To Hang Out! Volume 1,NA,NA,NA,NA,NA
Chicas An Exclusive Peek at the Loveliest Latin Honeys Across the Globe!,NA,NA,NA,NA,NA
Go Viral Latina Volume 12 Featuring BlahGigi,NA,NA,NA,NA,NA
No Game No Life Volume 1,NA,NA,NA,NA,NA
Journeyman Electrician Exam Question & Study Guide First Edition,NA,NA,NA,NA,NA
The Cartel Deluxe Edition Books 1-3,NA,NA,NA,NA,NA
Murderville,NA,NA,NA,NA,NA
Night Shift,NA,NA,NA,NA,NA
The Trees A Novel,NA,NA,NA,NA,NA
Nothing Less,NA,NA,NA,NA,NA
The Bronx,NA,NA,NA,NA,NA
Monsters,NA,NA,NA,NA,NA
Geisha Women of Japan's Flower and Willow world,NA,NA,NA,NA,NA
Manhattan,NA,NA,NA,NA,NA
AZARINTH HEALER BOOK FOUR,NA,NA,NA,NA,NA
AZARINTH HEALER BOOK THREE,NA,NA,NA,NA,NA
AZARINTH HEALER BOOK TWO,NA,NA,NA,NA,NA
AZARINTH HEALER BOOK ONE,NA,NA,NA,NA,NA
Dreams Chie Yoshii,NA,NA,NA,NA,NA
"Quests From the Infinite Staircase, Dungeons & Dragons",NA,NA,NA,NA,NA
"Dungeons & Dragons, Dungeon Master's Guide",NA,NA,NA,NA,NA
"Dungeons & Dragons, Player's Handbook",NA,NA,NA,NA,NA
"Starfinder, Core Rulebook ;",NA,NA,NA,NA,NA
"Starfinder, Alien Archive",NA,NA,NA,NA,NA
"Starfinder, Pact Worlds",NA,NA,NA,NA,NA
"Dragonlance, Shadow of the Dragon Queen, D&D",NA,NA,NA,NA,NA
A.0.B. 2,NA,NA,NA,NA,NA
Kite DM Volume 6 Featuring Mellow Rack Z,NA,NA,NA,NA,NA
So I'm a Spider So what? 2,NA,NA,NA,NA,NA
So I'm a Spider So What? 1,NA,NA,NA,NA,NA
Club Shadowlands,NA,NA,NA,NA,NA
A.0.B.,NA,NA,NA,NA,NA
The Streets Have No King,NA,NA,NA,NA,NA
The Art of Pelaez,NA,NA,NA,NA,NA
A Gangsta's Pledge,NA,NA,NA,NA,NA
I've Been Killing Slimes For 300 years,NA,NA,NA,NA,NA
"Bofuri | Don't Want To Get Hurt So, I'll Max Out My Defense Volume 1",NA,NA,NA,NA,NA
Her Deadly Double Life,NA,NA,NA,NA,NA
Tasting Red,NA,NA,NA,NA,NA
The Visual Handbook of Building and Remodeling Edition 5,NA,NA,NA,NA,NA
Pokemon Super Duper Extra Deluxe Essential Handbook,NA,NA,NA,NA,NA
Arifureta: From Common Place to World's Strongest,NA,NA,NA,NA,NA
Sexy Summer Girls Coloring Book,NA,NA,NA,NA,NA
Fat Cat 50 Cent and the Rise of the Hip-Hop Hustler,NA,NA,NA,NA,NA
KEITH HARING,NA,NA,NA,NA,NA
Welfare Wifeys: A Hood Rat Novel,NA,NA,NA,NA,NA
Dungeons & Dragons: Monster Manual,NA,NA,NA,NA,NA
The Art of Deception,NA,NA,NA,NA,NA
Soul Eater the Perfect Edition Volume 1,NA,NA,NA,NA,NA
Alvarado's Military Pin-Ups,NA,NA,NA,NA,NA
Silent Stalker,NA,NA,NA,NA,NA
The Fae Chronicles Fighting Destiny,NA,NA,NA,NA,NA
Pathfinder Roleplaying Game: The Advance Players Guide,NA,NA,NA,NA,NA
Pokemon: The Official National Pokedex & Guide: Volume 2 (Black 2 Verson & White 2 Versio:,NA,NA,NA,NA,NA
The Queen Mab Oracle,NA,NA,NA,NA,NA
Party Girl 2,NA,NA,NA,NA,NA
A Jealous Type Of Love,NA,NA,NA,NA,NA
Kite Issue #20,NA,NA,NA,NA,NA
RIGHTEOUS an IQ Novel,NA,NA,NA,NA,NA
Harper's Bazaar February 2025,NA,NA,NA,NA,NA
The Cursed Castle: An Escape Room In A Book,NA,NA,NA,NA,NA
A Sherlock Holmes Escape Book,NA,NA,NA,NA,NA
Elle November 2024,NA,NA,NA,NA,NA
Maxum Jan/Feb 2025,NA,NA,NA,NA,NA
Maxim Nov/Dec 2024,NA,NA,NA,NA,NA
Lights Out,NA,NA,NA,NA,NA
Money Devils 1,NA,NA,NA,NA,NA
Arrow Season 2.5,NA,NA,NA,NA,NA
Arrow Volume 2,NA,NA,NA,NA,NA
He's Just a Friend,NA,NA,NA,NA,NA
Gunbured Sisters,NA,NA,NA,NA,NA
GANGSTA,NA,NA,NA,NA,NA
Hope They Serve Beer in Hell,NA,NA,NA,NA,NA
Buck Naked in Another World Volume 1,NA,NA,NA,NA,NA
Cats and Sugar Bowls,NA,NA,NA,NA,NA
The Lords of Salem,NA,NA,NA,NA,NA
Soulmates Dissipate,NA,NA,NA,NA,NA
Thick Magazine Presents Slim Thick Issue 4,NA,NA,NA,NA,NA
Long Live the Cartel,NA,NA,NA,NA,NA
Passion For The Heist,NA,NA,NA,NA,NA
"Girl, Uncoded",NA,NA,NA,NA,NA
Tattoo Re-Imaged 500+ Chicano Tattoo Designs,NA,NA,NA,NA,NA
Sleaze Artists,NA,NA,NA,NA,NA
Supreme Clientele,NA,NA,NA,NA,NA
Gothic Tales Marquis De Sade,NA,NA,NA,NA,NA
Wanted A Journal Of Desires Volume 2,NA,NA,NA,NA,NA
Wanted A Journal of Desires,NA,NA,NA,NA,NA
Straight to Hell (S.T.H.) Volume 68,NA,NA,NA,NA,NA
Straight to Hell (S.T.H.) Volume 67,NA,NA,NA,NA,NA
Straight To Hell (S.T.H.) Volume 66,NA,NA,NA,NA,NA
The N Word,NA,NA,NA,NA,NA
AGame Of Gods,NA,NA,NA,NA,NA
A Game Of Retribution,NA,NA,NA,NA,NA
A Game Of Fate,NA,NA,NA,NA,NA
"The Birth of Humankind Volume 1, Sapiens a Graphic History",NA,NA,NA,NA,NA
ZOM 100 Bucket List of the Dead vol 1,NA,NA,NA,NA,NA
Tattoo Society Special Issue Number #88,NA,NA,NA,NA,NA
Naive to the Streets,NA,NA,NA,NA,NA
Sexy Lady Death,NA,NA,NA,NA,NA
Hooked,NA,NA,NA,NA,NA
My Time to Stand,NA,NA,NA,NA,NA
Barbarian Alien,NA,NA,NA,NA,NA
Hunting Adeline,NA,NA,NA,NA,NA
"Tim 3: Sliced, Diced and Cubed",NA,NA,NA,NA,NA
Tim 2,NA,NA,NA,NA,NA
Timothy,NA,NA,NA,NA,NA
"A Child Called ""It""",NA,NA,NA,NA,NA
The Condemned Villainess vol 1,NA,NA,NA,NA,NA
Artin America Winter 2024,NA,NA,NA,NA,NA
Charge It To The Game,NA,NA,NA,NA,NA
Dark Shadows: Vampirella,NA,NA,NA,NA,NA
Ink 'N Girls: Akos Banfalvi ;,NA,NA,NA,NA,NA
Inside Delta Force: The Story of America's Elite Counterterroist Unit,NA,NA,NA,NA,NA
100 Manga Artists,NA,NA,NA,NA,NA
Silence Of The Nine,NA,NA,NA,NA,NA
Saga Volume 3,NA,NA,NA,NA,NA
American King Pin,NA,NA,NA,NA,NA
Saga Volume 2,NA,NA,NA,NA,NA
Saga Volume 1,NA,NA,NA,NA,NA
Scarred,NA,NA,NA,NA,NA
World's End Harem Volume 5,NA,NA,NA,NA,NA
My Dress-Up Darling 6,NA,NA,NA,NA,NA
My Dress-Up Darling 5,NA,NA,NA,NA,NA
Rent-A-Girlfriend Volume 6,NA,NA,NA,NA,NA
After,NA,NA,NA,NA,NA
Hidden Bodies,NA,NA,NA,NA,NA
BERSERK Deluxe Edition Volume 2,NA,NA,NA,NA,NA
A Backwoods Home Anthology: The Thirtieth Year,NA,NA,NA,NA,NA
Inked The Sex Issue Featuring Ashley Nicole Shelton August 2016,NA,NA,NA,NA,NA
wiked The Skin and Style Issue March 2012,NA,NA,NA,NA,NA
Inked The Rock N' Rotl issue,NA,NA,NA,NA,NA
Inked The America Issue September 2011 Issue,NA,NA,NA,NA,NA
Inked Featuring Skye Hall September 2022 Issue,NA,NA,NA,NA,NA
The Family Business 2,NA,NA,NA,NA,NA
Tattoo Society Issue 85,NA,NA,NA,NA,NA
Horror & Fantasy Illustrated: 2024 Pinup Special Oct. 2024,NA,NA,NA,NA,NA
Crossed Family Values Volume 2,NA,NA,NA,NA,NA
The Last Man,NA,NA,NA,NA,NA
Go Viral Fall/Winter Hip Hop Culture Social Media Issue Featuring Sara Gold,NA,NA,NA,NA,NA
Footwork Wins Fights,NA,NA,NA,NA,NA
The Witcher,NA,NA,NA,NA,NA
Mausashi's Book of Five Rings,NA,NA,NA,NA,NA
Manhunt: SAS and Elite Forces Guide,NA,NA,NA,NA,NA
I'm Not a Succubus Volume 5,NA,NA,NA,NA,NA
Juicy Tits,NA,NA,NA,NA,NA
Rent-A-Girlfriend Volume 5,NA,NA,NA,NA,NA
Ubuntu Linux Bible,NA,NA,NA,NA,NA
Dictionary for the Electrician with Formulas,NA,NA,NA,NA,NA
"Cryptography ,",NA,NA,NA,NA,NA
In Another World With My Smartphone Volume 6,NA,NA,NA,NA,NA
Yamada-Kun and the Seven Witches Vol 1,NA,NA,NA,NA,NA
Girls Found,NA,NA,NA,NA,NA
A Thousand Shall Fall,NA,NA,NA,NA,NA
Fire In The Flesh,NA,NA,NA,NA,NA
Magika: Swordsman and Summoner Volume 3,NA,NA,NA,NA,NA
The Serial Killer Files,NA,NA,NA,NA,NA
Lover Unbound Black Dagger Brotherhood Novel Book 5,NA,NA,NA,NA,NA
Lover Awakened Black Dagger Brotherhood Novel Book 3,NA,NA,NA,NA,NA
Lover Avenged A Black Dagger Brotherhood novel book 7,NA,NA,NA,NA,NA
Dark Lover A Black Dagger Brotherhood Novel Book 1,NA,NA,NA,NA,NA
Lover Unleashed A Black Dagger Brotherhood novel book 9,NA,NA,NA,NA,NA
Lover Revealed The Black Dagger Brotherhood Book 4,NA,NA,NA,NA,NA
Lover Enshrined The Black Dagger Brotherhood Book 6,NA,NA,NA,NA,NA
Marked for Life a Gallery of Tattoo Art,NA,NA,NA,NA,NA
Lover Mine The Blackdagger Brotherhood Book 8,NA,NA,NA,NA,NA
Lover Reborn The Black Dagger Brotherhood Book 11,NA,NA,NA,NA,NA
Lover Eternal The Black Dagger Brotherhood Book 2,NA,NA,NA,NA,NA
Endure To Suffering With Patience,NA,NA,NA,NA,NA
Hood Gossip #4,NA,NA,NA,NA,NA
The Long Hard Road Out Of Hell,NA,NA,NA,NA,NA
High School DxD Vol. 12,NA,NA,NA,NA,NA
Joker,NA,NA,NA,NA,NA
Love As Thou Wilt Kushiels Avatar,NA,NA,NA,NA,NA
Joker/Harley: Criminal Sanity,NA,NA,NA,NA,NA
Joker DC Black Label,NA,NA,NA,NA,NA
House of Evil,NA,NA,NA,NA,NA
The Babysitter,NA,NA,NA,NA,NA
How Not to Summon A Demon Lord Volume 7,NA,NA,NA,NA,NA
Want a Gal Gamer to Praise Me Volume 1,NA,NA,NA,NA,NA
Fox-Colored Jealousy,NA,NA,NA,NA,NA
The Art of James Hottinger,NA,NA,NA,NA,NA
Krav Maga: Use Your Body As A Weapon,NA,NA,NA,NA,NA
TATTED Angel's,NA,NA,NA,NA,NA
High School DxD 9,NA,NA,NA,NA,NA
High School DxD 10 :,NA,NA,NA,NA,NA
", Mortal Fear",NA,NA,NA,NA,NA
"Wanna Play a Game, Hunters Club",NA,NA,NA,NA,NA
"Wiccan Teas & Brews Recipes for magical brinks, essences, and tintures.",NA,NA,NA,NA,NA
Call of the Night Vol 2,NA,NA,NA,NA,NA
Prison School Vol 1,NA,NA,NA,NA,NA
Parallel Paradise Vol 1,NA,NA,NA,NA,NA
Black & White Tough Love at the Office,NA,NA,NA,NA,NA
Food Wars Volume 2,NA,NA,NA,NA,NA
/ Dan Da Dan Volume 1,NA,NA,NA,NA,NA
How NOT to Summon a Demon Lord 8,NA,NA,NA,NA,NA
