title,author,date,publication_type,rejection_reason,volume
100 BEST CANNABIS STRAINS: A POCKET GUIDE FOR M,,2025-07-25,,,0
100 DEADLY SKILLS: COMBAT EDITION: A NAVY SEAL'S,,2025-07-25,,,0
100 DEADLY SKILLS: SEAL OPERATIVES GUIDE TO ELU,,2025-03-14,,,0
1000 NUDES: A HISTORY OF EROTIC PHOTOGRAPHY 18,,2025-05-30,,,0
1000 NUDES: A HISTORY OF EROTIC PHOTOGRAPHY 18,,2025-05-30,,,0
18+,,2020-03-03,,,21
18+,,2020-03-03,,,21
18+,,2020-09-03,,,31
18+,,2024-06-04,,,0
18+,,2025-03-14,,,59
1994 DIRECTORY OF ADULT FILMS,,2019-06-18,,,7
30+40,,2025-03-14,,,66
300 TATTOOS,,2023-08-24,,,0
36 DEADLY BUBISHI POINTS,,2020-05-01,,,0
365 SEX POSITIONS,,2021-03-24,,,0
40 SOMETHING,,2023-08-17,,,357
40+,,2020-08-16,,,0
40+,,2021-07-23,,,11
40+,,2021-07-23,,,11
40+,,2021-07-23,,,11
40+,,2023-06-13,,,0
40+,,2025-03-14,,,0
40+,,2025-07-25,,,43
50 ORAL SEX POSITIONS,,2024-06-04,,,0
50 THINGS TO DO IN THE WILD,,2024-08-13,,,0
50+,,2023-05-23,,,0
50+,,2023-06-20,,,0
50+,,2023-06-20,,,0
50+,,2024-08-16,,,0
50+,,2024-08-16,,,0
50+ BEST OF,,2021-03-12,,,36
501 UNARMED SELF-DEFENSE SKILLS,,2021-08-17,,,0
72 CONSUMATE ARTS SECRETS OF THE SHAOLIN TEM,,2024-08-13,,,0
90'S CARTOON STONER COLORING BOOK,,2023-09-29,,,0
90'S CARTOON STONER COLORING BOOK,,2023-09-29,,,0
90'S CARTOON STONER COLORING BOOK,,2023-09-29,,,0
A PHOTOGRAHPIC HISTORY OF ORGIES,,2022-06-16,,,0
A PHOTOGRAHPIC HISTORY OF ORGIES,,2022-06-16,,,0
A PRISONER'S FIGHT,,2022-07-27,,,0
A PRISONER'S FIGHT,,2022-07-27,,,0
A TASTE OF POWER,,2023-05-11,,,0
A TIME TO DIE: THE ATTICA PRISON REVOLT,,2025-07-25,,,0
A TIME TO DIE: THE ATTICA PRISON REVOLT,,2025-07-25,,,0
"ABRIDGED GUIDE TO U.S. SPECIAL FORCE SKILLS, TAC",,2025-07-25,,,0
"ABRIDGED GUIDE TO U.S. SPECIAL FORCE SKILLS, TAC",,2025-07-25,,,0
ABSOLUTE DUO: VOLUME 4,,2022-01-06,,,4
ADULT CINEMA REVIEW,,2021-07-23,,,15
ADULT CINEMA REVIEW,,2021-07-23,,,16
ADVANCED KALI LINUX TOOLS,,2021-11-12,,,0
ADVANCED PERSISTENT THREAT HACKING,,2020-01-30,,,0
ADVANCED YANG STYLE TAI CHI CHUAN,,2024-08-13,,,0
ALL ABOUT HISTORY-THE HIISTORY OF GANGS,,2024-08-16,,,1
AMERICA'S MOST TERRIFYING KILLERS,,2023-09-29,,,0
ANAL ADDICTS,,2020-09-03,,,2
ANAL SEX BASICS,,2018-09-12,,,0
ANY 4 CAN PLAY,,2018-12-20,,,0
AQUA BLESS,,2023-04-10,,,0
AQUA BLESS,,2023-04-10,,,0
ARMCHAIR CHEMISTRY,,,,,1
ARMCHAIR CHEMISTRY,,2021-05-12,,,1
"ART OF WAR, THE",,2022-08-24,,,0
"ART OF WAR, THE",,2022-08-24,,,0
ARTCORE,,2023-04-10,,,3
ARTCORE,,2023-04-10,,,3
ASIAN MARTIAL ARTS,,2022-02-02,,,0
ASIS - CRIME MAGAZINE,,2024-02-13,,,6
ASIS CRIME BOOK,,2021-11-11,,,5
ASSASSIN: THE DEADLY ART OF THE CULT OF ASSASS,,2024-08-13,,,0
ASUMI-CHAN IS INTERESTED IN LESBIAN BROTHELS,,2023-09-27,,,6
ATM,,2019-08-15,,,1
AWESOME ORAL,,2025-03-14,,,0
"BACKWOODSMAN, THE",,2022-03-09,,,43
BAD BITCHES ONLY,,2019-11-26,,,1
BAD BITCHES ONLY,,2019-12-16,,,1
BAD BITCHES ONLY,,2019-12-16,,,1
BAD BITCHES ONLY,,2019-12-16,,,1
BAD BITCHES ONLY,,2019-12-16,,,1
BAD BITCHES ONLY,,2019-12-16,,,1
BAD BITCHES ONLY,,2020-06-12,,,1
BAD BITCHES ONLY,,2020-06-12,,,1
BAD BITCHES ONLY,,2020-06-12,,,1
BAD BITCHES ONLY,,2020-06-12,,,1
BAD BITCHES ONLY,,2020-06-12,,,1
BAD BITCHES ONLY,,2020-06-12,,,1
BAD BITCHES ONLY,,2020-08-11,,,1
BAD BITCHES ONLY,,2020-08-11,,,1
BAD BITCHES ONLY,,2020-08-11,,,1
BAD BITCHES ONLY,,2021-08-16,,,0
BAD BITCHES ONLY,,2021-08-16,,,1
BAD BITCHES ONLY,,2021-08-16,,,0
BAD BITCHES ONLY,,2021-08-16,,,1
BAD BITCHES ONLY,,2021-08-16,,,1
BASIC FUNDAMENTALS OF MODERN TATTOO,,2020-11-05,,,0
BATTLETECH MAP SET,,2019-04-10,,,0
BBO MAGAZINE PRESENTS: LATINAS CLENTES,,2021-01-06,,,1
BBO MAGAZINE PRESENTS: LATINAS CLENTES,,2021-05-05,,,1
BBO MAGAZINE PRESENTS: LATINAS CLENTES,,2021-05-05,,,1
BBO MAGAZINE PRESENTS: LATINAS CLENTES,,2021-05-05,,,1
BERSERK,,2025-03-06,,,4
BERSERK,,2025-03-06,,,3
BERSERK,,2025-03-06,,,9
"BEST OF AMAZING PEOPLE, THE",,2020-05-01,,,1
"BEST OF AMAZING PEOPLE, THE",,2020-09-03,,,1
BEST OF CHERI,,2024-04-09,,,0
BEVERLY'S VACATION,,2023-08-03,,,0
BLACK DOLLS,,2020-10-22,,,87
BLACK INCHES,,2024-09-27,,,0
BLACK LEGS,,2020-10-08,,,9
BLACK SEX-SATIONS,,2020-01-28,,,17
BLACK VIDEO ILLUSTRATED,,2020-10-08,,,5
BLACK VIDEO ILLUSTRATED,,2020-10-08,,,6
BLACK VIDEO ILLUSTRATED,,2020-10-08,,,7
BLACK VIDEO ILLUSTRATED,,2020-10-08,,,4
BOFURI I DON'T WANT TO GET HURT,,2023-04-10,,,3
BONDAGE BASICS,,2018-06-26,,,0
"BOOK OF FIVE RINGS, THE",,2022-03-08,,,0
BOOK OF GLOCK,,2020-01-30,,,0
BOOK OF GLOCK,,2020-01-30,,,0
"BOOK OF LOVE, THE",,2022-11-01,,,0
"BOOK OF SAUCES, THE",,2022-05-26,,,0
BOOTY ROYALE : NEVER GO DOWN WITHOUT A FIGHT!,,2025-03-06,,,13
BOOTY ROYALE : NEVER GO DOWN WITHOUT A FIGHT!,,2025-03-06,,,13
BOOTY ROYALE : NEVER GO DOWN WITHOUT A FIGHT!,,2025-03-06,,,7
BOOTY ROYALE : NEVER GO DOWN WITHOUT A FIGHT!,,2025-03-06,,,7
BOOTY ROYALE : NEVER GO DOWN WITHOUT A FIGHT!,,2025-03-06,,,7
BRAZILIAN JUJUTSU,,2024-12-17,,,2
BRUCE LEE - JEET KUNE DO,,2022-08-26,,,0
BUCKLAND'S COMPLETE BOOK OF WITCHCRAFT,,2018-06-20,,,0
BUSH CRAFT 101,,2024-12-17,,,1
BUSTY BEAUTIES,,2021-03-24,,,250
BUSTY BEAUTIES,,2025-03-14,,,274
"CALI CARTEL, THE: BEYOND NARCOS",,2025-07-25,,,0
CALL GIRL IN ANOTHER WORLD,,2022-08-26,,,1
CALL GIRL IN ANOTHER WORLD,,2022-08-26,,,1
CAMPING AND WILDERNESS SURVIVAL,,2024-08-13,,,0
"CANNABIBLE, THE",,2021-01-11,,,0
CANNABIS GROW BIBLE 3RD EDITION THE,,2021-11-12,,,0
CANNABIS GROW BIBLE 3RD EDITION THE,,2021-11-12,,,0
CANNABIS GROWER'S HANDBOOK,,2024-08-13,,,0
CANNABIS GROWING GUIDE,,2024-05-24,,,0
CANNABIS REGENERATION A MULTIPLE HARVES METH,,2020-12-18,,,0
CANNABIS REGENERATION A MULTIPLE HARVES METH,,2020-12-18,,,0
CAO DAI KUNG-FU: LOST FIGHTING ARTS OF VIETNAM,,2023-06-13,,,0
CHANGES: STORY OF A CHICAGO KINGPIN,,2022-05-23,,,0
CHEEKS,,2023-06-13,,,0
CHEEKS,,2024-09-27,,,0
CHERI,,,,,321
CHERI,,2023-04-10,,,295
CHERI,,2023-05-23,,,322
CHERI,,2024-12-17,,,334
CHERI,,2024-12-17,,,333
CHERI,,2025-07-25,,,336
CHICA,,2021-11-11,,,1
CHOBITS,,2023-04-12,,,0
CHOSEN,,2024-08-13,,,0
CINEMA SEWER,,2021-06-23,,,7
CINEMA SEWER,,2024-12-17,,,2
CINEMA SEWER,,2025-05-30,,,1
CINEMA SEWER,,2025-05-30,,,1
CLITOLOGY,,2020-09-17,,,0
CLUB,,2021-03-12,,,390
CLUB,,2021-03-12,,,287
CLUB,,2021-03-12,,,271
CLUB,,2021-03-12,,,286
CLUB,,2021-03-12,,,285
CLUB,,2021-03-24,,,0
CLUB,,2022-08-25,,,316
CLUB,,2023-04-10,,,0
CLUB,,2023-04-10,,,0
CLUB,,2023-05-23,,,322
CLUB,,2023-06-13,,,0
CLUB,,2023-08-03,,,325
CLUB,,2023-09-29,,,330
CLUB,,2024-02-13,,,0
CLUB,,2024-06-04,,,329
CLUB,,2024-06-04,,,329
CLUB,,2024-09-27,,,333
CLUB,,2025-03-14,,,306
CLUB,,2025-03-14,,,314
CLUB ASIAN,,2022-08-25,,,258
CLUB ASIAN,,2022-08-25,,,258
CLUB ASIAN,,2023-07-24,,,261
CLUB CONFIDENTIAL,,2019-11-19,,,0
CLUB EXPOSED,,2021-06-17,,,0
CLUB EXPOSED,,2022-06-16,,,404
CLUB INTERNATIONAL,,2021-03-12,,,240
CLUB INTERNATIONAL,,2022-03-09,,,32
CLUB INTERNATIONAL,,2022-03-09,,,32
CLUB INTERNATIONAL,,2023-07-25,,,257
CLUB INTERNATIONAL,,2024-04-09,,,0
CLUB INTERNATIONAL,,2024-09-27,,,266
CLUB LATINA,,2021-06-23,,,0
CLUB LATINA,,2022-01-06,,,0
CODE BREAKING: A HISTORY AND EXPLORATION,,2024-12-17,,,1
COMPLETE BOOK OF TAI CHI CHUAN,,2023-04-10,,,0
COMPLETE BOOK OF TAI CHI CHUAN,,2023-04-10,,,0
"COMPLETE BOXING HANDBOOK, THE",,2020-10-08,,,0
COMPLETE GUIDE TO WIRING,,2023-05-09,,,8
COMPLETE HOME MEDICAL GUIDE,,2023-05-09,,,0
COMPLETE IDIOTS'S: PRIVATE INVESTIGATING,,2021-10-01,,,0
COMPLETE KICKBOXING: THE FIGHTER'S GUIDE TO TE,,2018-11-20,,,0
"CONDITIONS OF PARADISE, THE",,2022-01-06,,,0
CONFESSION OF A COLLEGE KINGPIN,,2022-05-26,,,0
"CREATIVE SNACKS, MEALS, BEVERAGES, AND DESSER",,2022-02-02,,,0
CREATURE GIRLS: A HANDS-ON FIELD JOURNAL IN AN,,2023-09-27,,,6
CULT OF BOYS,,2023-05-03,,,0
CUSTOM TATTOO 101,,2022-02-02,,,0
D CUP,,2024-12-17,,,52
DA' FORMAT,,2019-06-19,,,0
DARK ART,,2023-05-03,,,0
DARK ART,,2023-05-03,,,0
DE' UNIQUE,,2021-07-23,,,4
DEEP BONDAGE,,2025-03-14,,,3
DESIRE PANDORA,,2023-05-23,,,1
DEVIANT DESIRES: A TOUR OF THE EROTIC EDGE,,2024-12-17,,,1
DEVIANT DESIRES: A TOUR OF THE EROTIC EDGE,,2024-12-17,,,1
DEVIANT'S POCKET GUIDE TO OUTLANDISH SEXUAL D,,2025-03-14,,,0
DEVIL'S PLAYGROUND,,2023-08-03,,,0
DIPSEXXX,,2020-06-12,,,0
DIY FOR PRISONERS,,2020-08-05,,,0
"DIY TEMPORARY TATTOOS: DRAW IT, PRINT IT, INK IT",,2018-06-28,,,0
"DO IT YOURSELF GUIDE 2024, THE",,2025-03-14,,,0
DO YOU LIKE BIG GIRLS?,,2022-07-28,,,2
DO YOU LIKE BIG GIRLS?,,2023-09-27,,,4
DO YOU LIKE BIG GIRLS?,,2023-09-27,,,4
DOM'S GUIDE TO BDSM,,,,,1
DOOMSDAY PREPPER'S COMPLETE SURVIVAL MANUA,,2025-05-30,,,0
DOUBLE YOUR PLEASURE: A TWIN YURI ANTHOLOGY,,2022-06-16,,,0
DOUBLE YOUR PLEASURE: A TWIN YURI ANTHOLOGY,,2022-06-16,,,0
DRACULA SON OF THE DRAGON,,2024-09-27,,,0
DRAWN BY BRUSH: SENSEI'S OBEDIENCE LESSON,,2023-05-23,,,0
DRUG USE AND MISUSE,,2023-05-09,,,9
DURCY,,2024-09-27,,,11
DYING FOR THE TRUTH - UNDERCOVER...,,2023-06-13,,,0
EL CHAPO,,2023-05-25,,,0
ELEGANT MOMENTS,,2024-12-17,,,0
ERO NINJA SCROLLS,,2020-09-15,,,2
ERO NINJA SCROLLS,,2020-09-15,,,2
ERO NINJA SCROLLS,,2023-07-25,,,2
ESSENTIAL KNOTS: THE POCKET GUDIE TO,,2021-06-17,,,0
EXPLOSIVE SEX,,2021-08-30,,,0
EXPLOSIVE SEX,,2021-08-30,,,0
EXTRA PETITE PUSSY GIRLS,,2024-06-06,,,16
EXTRA PETITE PUSSY GIRLS,,2024-06-06,,,0
EXTRA PETITE PUSSY GIRLS,,2024-06-06,,,0
EXTRA PETITE PUSSY GIRLS,,2024-06-06,,,0
EXTREME UNARMED COMBAT,,2020-10-08,,,0
FANTASY BOUND,,2021-05-11,,,1
FANTASY BOUND,,2021-05-11,,,1
FAST FOOD MY WAY,,2022-05-26,,,0
FIELD AND STREAM THE COMPLETE FISHERMAN,,2025-03-14,,,0
FIGHT TO WIN: 20 SIMPLE TECHNIQUES THAT WIN ANY,,2025-05-30,,,0
FIGHT WRITE,,2020-08-11,,,0
FINALLY LEGAL,,2023-05-25,,,325
FINALLY LEGAL,,2023-06-13,,,0
FINALLY LEGAL,,2024-04-09,,,0
FINALLY LEGAL,,2024-06-06,,,0
FINISH A FIGHT IN ONE MOVE WITHOUT ANY TRAINING,,2020-01-07,,,0
FIREARMS NEWS,,2024-12-17,,,78
FLYING KITES - 2013 PRISON HUNGER STRIKE,,2023-04-10,,,0
"FOA, THE FIGHTING OF ALLAH",,2020-01-28,,,0
FOOTWORK WINS FIGHTS,,2024-08-13,,,0
FORBIDDEN FRUIT,,2022-04-01,,,0
FORBIDDEN KNOWLEDGE,,2022-06-16,,,0
FOX,,2021-06-17,,,0
FOX NASTY,,2021-06-17,,,0
FRUITS OF THE POISONOUS TREE,,2024-08-13,,,0
FUTABU MIX,,2023-04-10,,,0
GALLERY,,2024-04-09,,,0
GALLERY,,2024-12-17,,,259
GANG POLITICS,,2022-12-07,,,0
GET YOUR ROCKS OFF,,2023-06-13,,,10
GGMG,,2023-08-24,,,0
GIMME THAT SEMEN,,2023-05-23,,,0
GOAT MAGAZINE,,2021-11-11,,,12
GOAT MAGAZINE,,2021-11-11,,,12
GOAT MAGAZINE,,2021-11-11,,,12
GOAT MAGAZINE,,2022-03-09,,,12
GOAT MAGAZINE,,2022-03-09,,,12
GODS OF THE BLOOD,,2021-06-24,,,0
GRAFFITI COLORING BOOK,,2022-08-26,,,0
GRAFFITI COLORING BOOK-ART DESIGNS FOR ADULTS,,2022-08-26,,,0
GROW: THE HEMP AND CANNABIS HORTICULTURE MA,,2022-05-26,,,6
GROW: THE HEMP AND CANNABIS HORTICULTURE MA,,2025-05-30,,,9
GROW: THE HEMP AND CANNABIS HORTICULTURE MA,,2025-05-30,,,9
GROWING MARIJUANA,,2024-08-13,,,0
GROWING MARIJUANA FOR BEGINNERS,,2020-08-05,,,0
GROWING MARIJUANA FOR BEGINNERS,,2020-08-05,,,0
GROWING WEED IN THE GARDEN,,2020-08-05,,,1
GUERRILLA WARFARE,,2021-06-23,,,0
GUIDE TO AR-15'S - GUNS & AMMO,,2023-10-18,,,0
GUIDE TO GETTING IT ON,,2024-08-13,,,10
GUN HONEY,,2024-09-27,,,2
GYRO,,2021-01-13,,,7
GYRO,,2021-01-13,,,9
GYRO,,2021-01-13,,,9
GYRO,,2021-01-13,,,9
GYRO,,2021-01-13,,,9
GYRO,,2021-01-13,,,9
GYRO,,2021-01-13,,,7
GYRO,,2021-01-13,,,10
GYRO,,2021-01-13,,,7
GYRO,,2021-02-03,,,8
GYRO,,2023-05-09,,,1
HACKING FOR BEGINNERS:A STEP BY STEP GUIDE TO,,2023-06-13,,,0
HACKING FOR DUMMIES,,2024-12-17,,,7
HAWKE'S SPECIAL FORCES SURVIVAL HANDBOOK,,2025-03-14,,,0
HEATALERT,,2023-04-10,,,0
HELL'S ANGELS,,2022-08-26,,,0
HER AND HER UNIFORM,,2020-01-30,,,0
HIDE YOUR A$$ET$ AND DISAPPEAR,,,,,0
HIGH SOCIETY,,2023-06-13,,,0
HIGH TIMES,,2021-06-14,,,0
HIGH TIMES,,2021-10-01,,,546
HIGH TIMES,,2021-10-01,,,549
HIGH TIMES,,2021-10-01,,,548
HIGH TIMES,,2022-11-01,,,557
HISTORY OF GERMAN PORN,,2022-06-16,,,0
HISTORY OF SEXUAL PUNISHMENT IN PICTURES,,2021-11-11,,,0
HOLY CORPSE RISING,,2025-03-06,,,1
HOMEGROWN CANNABIS,,2021-11-11,,,0
HONEY,,2021-11-12,,,0
HOOD GOSSIP,,2023-05-17,,,4
HORNADY,,2024-12-17,,,0
HOW TO BECOME A MERCENARY,,2022-04-01,,,0
HOW TO BUILD A DUNGEON: BOOK OF THE DEMON KIN,,2021-11-11,,,1
HOW TO DISAPPEAR & LIVE OFF THE GRID: A CIA INSID,,2025-07-25,,,0
HOW TO DISAPPEAR & LIVE OFF THE GRID: A CIA INSID,,2025-07-25,,,0
HOW TO DISAPPEAR AND NEVER BE FOUND,,2020-06-12,,,0
HOW TO DISAPPEAR AND NEVER BE FOUND,,2020-06-12,,,0
HOW TO DISAPPEAR IN AMERICA,,2024-08-16,,,0
HOW TO GROW MARIJUANA AT HOME,,2024-04-15,,,0
HOW TO HUSTLE AND WIN PART 2,,2023-05-25,,,2
HOW TO HUSTLE AND WIN PART 2,,2023-05-25,,,2
"HOW TO HUSTLE AND WIN: SEX, MONEY, AND MURDER",,2021-01-11,,,0
"HOW TO HUSTLE AND WIN: SEX, MONEY, AND MURDER",,2021-01-11,,,0
HOW TO MAKE MONEY LIKE A PORN STAR,,2021-11-11,,,0
HUNG GAR KUNG FU: CHINESE ART OF SELF DEFENSE,,2024-08-13,,,0
HUSTLER,,2021-02-19,,,47
HUSTLER,,2021-03-24,,,46
HUSTLER,,2021-03-24,,,43
HUSTLER,,2021-03-24,,,47
HUSTLER,,2021-03-24,,,47
HUSTLER,,2021-05-05,,,47
HUSTLER,,2021-05-05,,,47
HUSTLER,,2021-06-14,,,1
HUSTLER,,2022-05-26,,,48
HUSTLER,,2022-08-25,,,0
HUSTLER,,2023-03-01,,,34
HUSTLER,,2023-04-10,,,274
HUSTLER,,2024-04-09,,,50
HUSTLER,,2024-06-06,,,11
HUSTLER,,2024-06-06,,,0
HUSTLER ASIAN XXX,,2022-08-25,,,188
HUSTLER BARELY LEGAL,,2023-08-03,,,30
HUSTLER BARELY LEGAL,,2023-09-29,,,0
HUSTLER BARELY LEGAL,,2024-04-09,,,0
HUSTLER BARELY LEGAL,,2025-03-14,,,0
HUSTLER BARELY LEGAL,,2025-03-14,,,0
HUSTLER BARELY LEGAL,,2025-05-30,,,15
HUSTLER BARELY LEGAL,,2025-05-30,,,16
HUSTLER BARELY LEGAL,,2025-05-30,,,16
HUSTLER BARELY LEGAL,,2025-05-30,,,16
HUSTLER BARELY LEGAL,,2025-05-30,,,16
HUSTLER BARELY LEGAL,,2025-05-30,,,16
HUSTLER BARELY LEGAL,,2025-05-30,,,15
HUSTLER BARELY LEGAL,,2025-05-30,,,16
HUSTLER BARELY LEGAL,,2025-05-30,,,16
HUSTLER BARELY LEGAL,,2025-05-30,,,17
HUSTLER BARELY LEGAL,,2025-05-30,,,0
HUSTLER BARELY LEGAL,,2025-05-30,,,0
HUSTLER LINGERIE,,2021-07-23,,,175
HUSTLER'S BEST OF BEAVER HUNT - YOUNG & SEXY,,2023-03-08,,,209
HUSTLER'S TABOO,,2023-05-15,,,0
I AM RAYMOND WASHINGTON,,2022-05-26,,,0
ID BY MAIL AND INTERNET,,2024-08-16,,,0
ID MASTER: LITTLE KNOWN TACTICS OF IDENTITY CHA,,2021-01-06,,,0
IDOLHOUSE,,2020-01-30,,,1
INK FROM THE PEN,,2022-02-02,,,0
INK FROM THE PEN,,2022-06-16,,,0
INTERNATURALLY,,2020-02-28,,,0
INTRODUCTION TO BAGUAZHANG,,2023-04-10,,,0
IPHONE 13 USER GUIDE,,2022-08-25,,,0
IPHONE 13 USER GUIDE,,2022-08-25,,,0
IPHONE LIFE,,2023-03-08,,,14
JEET KUNE DO,,2022-03-09,,,0
JEET KUNE DO,,2022-03-09,,,0
JIU-JITSU FOR BEGINNERS,,2024-12-17,,,0
JIU-JITSU UNLEASHED: A COMPREHENSIVE GUIDE TO,,2025-05-30,,,0
JOKER THE CLOWN PRINCE OF CRIME,,2023-03-01,,,0
KAMA SUTRA - A POSITION A DAY 365 DAYS A YEAR,,2021-07-23,,,0
KATLICK SCHOOL,,2021-06-24,,,0
KIM'S ANAL ROMANCE,,2019-08-14,,,0
KING DAVID & BOSS DAILEY,,2024-12-17,,,0
KINKY CONNEXIONS,,2021-07-23,,,0
KINKY TABOO GIRLS,,2023-04-10,,,0
KINKY TABOO GIRLS,,2023-04-10,,,0
KITE,,2023-08-24,,,0
KNIVES ILLUSTRATED,,2023-03-01,,,36
KNOTTING AND SPLICIN,,2021-06-22,,,0
KNOTTING AND SPLICIN,,2021-06-22,,,0
KRAV MAGA FOR BEGINNERS,,2021-05-11,,,0
KRAV MAGA USE YOUR BODY AS A WEAPON,,2024-08-13,,,0
LADY DEATH,,2022-03-09,,,22
LE DONNE,,2024-05-24,,,0
LEG SHOW,,2024-04-09,,,0
LEG SHOW,,2024-04-09,,,0
LETTERS TO PENTHOUSE,,2018-09-27,,,51
LETTERS TO PENTHOUSE,,2019-09-03,,,21
LETTERS TO PENTHOUSE,,2024-08-13,,,40
LETTERS TO PENTHOUSE,,2024-08-13,,,40
LETTERS TO PENTHOUSE,,2025-03-14,,,41
LIBERATOR - EUROTICA,,2024-05-24,,,0
LIMIT BREAK,,2023-04-10,,,0
LOLLIPOPS,,2023-05-25,,,26
MACRAME PLANT HANGERS,,2024-08-13,,,0
MAGENTA: DROP DEAD GORGEOUS,,2022-02-02,,,4
MAGENTA: THE COLOR OF SEX,,2021-05-07,,,0
MAGENTA: THE COLOR OF SEX,,2021-05-07,,,0
MAGENTA: THE POWER OF PINK,,2021-05-07,,,0
MAISIE'S ANAL DESIRE,,2023-09-27,,,0
MAKE: ELECTRONICS,,2023-05-09,,,0
MAMMOTH BOOK OF EROTIC WOMEN IN PHOTOGRAPH,,2024-05-24,,,0
MAO TSE-TUNG ON GUERRILLA WARFARE,,2021-06-23,,,0
MAO TSE-TUNG ON GUERRILLA WARFARE,,2025-05-30,,,2
MARIJUANA GROWER'S HANDBOOK,,2021-03-24,,,0
MARIJUANA HORTICULTURE FUNDAMENTALS,,2023-06-20,,,0
MARIJUANA HORTICULTURE: THE INDOOR/OUTDOOR M,,2021-03-11,,,0
MARIJUANA: LET'S GROW A POUND,,2022-08-25,,,0
MARQUIS,,2022-12-01,,,0
MARQUIS,,2022-12-01,,,0
MARRIED TO DA STREETS,,2025-07-25,,,0
MAYFAIR,,2024-06-06,,,55
MEIN KEMPT,,2022-02-02,,,0
MEN MAGAZINE,,2024-09-27,,,0
MEN ONLY,,2022-01-06,,,84
MEN ONLY,,2022-01-06,,,84
MEN ONLY,,2024-06-06,,,85
MEN ONLY,,2024-06-06,,,85
MENGELE-UNMASKING THE ANGEL OF DEATH,,2022-08-26,,,0
MENS WORLD,,,,,14
MIDNIGHT STONER COLORING BOOK,,2023-09-29,,,0
MOUNTING VENUS: THE ART OF CUNNILINGUS,,2022-02-02,,,0
MUAY THAI MASTERY,,2024-12-17,,,0
MURDER MAMAS,,2025-03-14,,,0
MY BLOODY LIFE - THE MAKING OF A LATIN KING,,2024-04-15,,,0
MY BLOODY LIFE - THE MAKING OF A LATIN KING,,2024-04-15,,,0
MY FIRST BOOK OF KNOTS,,2021-08-30,,,0
NAB SHOT,,2023-05-03,,,0
NAB SHOT,,2023-05-03,,,0
NAIMAH,,2023-05-09,,,2
NAIMAH,,2023-05-09,,,1
NARCONOMICS,,2023-08-24,,,0
NEONOMICON,,2025-07-25,,,0
NEONOMICON,,2025-07-25,,,0
NEVER SPLIT THE DIFFERENCE,,2022-08-25,,,0
NEVER SPLIT THE DIFFERENCE,,2022-08-25,,,0
"NEW KAMA SUTRA, THE",,2021-08-30,,,0
"NINE HALLS OF DEATH, THE",,,,,0
NINJA COMBAT TACTICS,,2020-01-22,,,0
NINJA SECRETS OF INVISIBILITY,,2024-08-13,,,0
NINJA SHADOWHAND - THE ART OF INVISIBILITY,,2023-06-13,,,0
NINJA SKILLS,,2022-08-25,,,0
ONCE A KING ALWAYS A KING - THE UNMAKING OF A L,,2024-04-15,,,0
ORGANIZED GAME,,2020-05-01,,,0
ORGANIZED GAME,,2020-05-01,,,0
OTHER PLACE THE,,2021-06-24,,,0
OUTDOOR LIFE: THE ULT. SHOOTING SKILLS MANUAL,,2024-08-13,,,0
"OVERLOOK MARTIAL ARTS HANDBOOK, THE",,2025-07-25,,,0
PAJAMA PARTY,,2021-07-23,,,0
PAJAMA PARTY,,2021-07-23,,,0
"PAPER TRIP 4 PART 2, THE",,2024-08-16,,,0
"PAPER TRIP 4, THE",,2024-08-16,,,0
"PAPER TRIP I, THE",,2024-08-16,,,483
"PAPER TRIP I, THE",,2024-08-16,,,0
"PAPER TRIP III, THE",,2024-08-16,,,0
PARACORD,,2021-05-14,,,0
PARALLEL PARADISE,,2022-07-28,,,8
PENTHOUSE,,2024-09-27,,,0
PENTHOUSE,,2025-03-14,,,0
PENTHOUSE,,2025-03-14,,,0
PENTHOUSE LETTERS,,2020-02-28,,,36
PENTHOUSE LETTERS,,2020-05-01,,,37
PENTHOUSE LETTERS,,2020-11-05,,,0
PENTHOUSE LETTERS,,2020-11-05,,,0
PENTHOUSE LETTERS,,2021-02-19,,,38
PENTHOUSE LETTERS,,2021-02-19,,,38
PENTHOUSE LETTERS,,2021-05-11,,,0
PENTHOUSE LETTERS,,2021-06-23,,,38
PENTHOUSE LETTERS,,2021-06-23,,,38
PENTHOUSE LETTERS,,2021-10-01,,,0
PENTHOUSE LETTERS,,2022-06-16,,,40
PENTHOUSE LETTERS,,2022-12-01,,,0
PENTHOUSE LETTERS,,2022-12-07,,,40
PENTHOUSE LETTERS,,2022-12-07,,,39
PENTHOUSE LETTERS,,2023-03-01,,,0
PENTHOUSE LETTERS,,2023-07-25,,,0
PENTHOUSE LETTERS,,2023-07-25,,,0
PENTHOUSE LETTERS,,2023-08-03,,,0
PENTHOUSE LETTERS,,2023-08-03,,,0
PENTHOUSE VARIATIONS ON ORAL: EROTIC STORIES O,,2019-08-15,,,0
PHOTOCOPIES OF SEXUALLY EXPLICIT IMAGES,,2023-06-13,,,0
PHOTOGRAPHY BIZARRE,,2025-07-25,,,0
PICS OR IT DIDN'T HAPPEN,,2021-11-11,,,0
PICS OR IT DIDN'T HAPPEN,,2021-11-11,,,0
PICS OR IT DIDN'T HAPPEN,,2021-11-11,,,0
PIMP GAME THE,,2021-06-23,,,0
PIMPOLOGY: THE MACKING GAME,,2022-01-21,,,0
PIMPOLOGY: THE MACKING GAME,,2022-01-21,,,0
PIMPS: THE RAW TRUTH,,2021-05-14,,,0
PLANTS THAT CAN KILL,,2020-09-17,,,0
PLANTS THAT CAN KILL,,2020-09-17,,,0
PLAYERS GIRLS PICTORIAL,,2020-10-08,,,28
PLAYERS GIRLS PICTORIAL,,2020-10-08,,,28
PLEASE MISS YURI,,2021-06-23,,,0
PORTFOLIO,,2021-11-11,,,0
POSITION OF THE DAY SEX EVERY DAY IN EVERY WAY,,2021-08-30,,,0
PRESSURE POINT FIGHTING,,2023-06-13,,,0
PRESSURE POINT FIGHTING,,2023-06-13,,,0
PRETTY GIRLS LOVE BAD BOYS,,2022-08-25,,,0
PRETTY GIRLS LOVE BAD BOYS,,2022-08-25,,,0
PRIME BLACK PUSSY,,2020-10-22,,,2
PRIME BLACK PUSSY,,2020-10-22,,,2
"PRINCE, THE",,2018-08-08,,,0
PRISON ACTION NEWS,,2018-06-05,,,11
"PRISON MANUAL, THE",,2020-05-01,,,0
PRISON RAMEN,,2020-01-30,,,0
PRISON STORIES,,2024-04-15,,,0
PROJECT MK - ULTRA MIND CONTROL TECHNOLOGY,,2018-03-26,,,0
"PSILOCYBIN MUSHROOM BIBLE, THE",,2020-05-01,,,0
PURELY LEGAL,,2023-06-13,,,0
PYRO,,2022-08-25,,,5
PYRO,,2022-08-25,,,5
RACIAL LOYALIST MANIFESTO,,2020-03-26,,,0
RADICAL GO-GO BABY,,2022-08-25,,,0
RADICAL GO-GO BABY,,2022-08-25,,,0
RANGE OF LOVE,,2020-01-30,,,0
RAYFUL EDMOND,,2021-03-24,,,0
RAZZLE,,2021-02-03,,,37
RAZZLE,,2021-05-07,,,37
RAZZLE,,2023-06-13,,,37
RAZZLE BOOBARAMA,,2023-12-13,,,0
REALLY BE AN IDOL,,2023-04-12,,,0
RECOIL OFF GRID,,2025-03-14,,,62
REDDING RELOADING EQUIPMENT,,2024-12-17,,,78
REDEMPTION MANUAL - 4TH EDITION,,2023-07-25,,,0
REMEMBERING THE REAL DRAGON: AN INTERVIEW WI,,2021-01-11,,,0
RENAISSANCE SWORDSMANSHIP,,,,,0
RESILIENCE,,2024-08-13,,,0
RESISTANCE BEHIND BARS,,2021-01-11,,,0
REVOLUTION,,2018-04-25,,,0
REVOLUTION,,2018-04-25,,,0
REVOLUTION,,2018-04-25,,,0
REVOLUTION: THE VOICE OF THE REVOLUTIONARY CO,,2018-04-25,,,0
RUBBER BAND ENGINEER,,2022-08-26,,,0
SAKI THE SUCCUBUS,,2021-03-11,,,2
SAKI THE SUCCUBUS,,2021-03-11,,,3
SAKI THE SUCCUBUS,,2021-05-07,,,5
SAKI THE SUCCUBUS,,2023-03-01,,,2
SAS AND ELITE FORCES GUIDE PREPARING TO SURVIV,,2025-03-14,,,0
SATISFACTION GUARANTEED,,2023-07-25,,,0
SCATTERING HIS VIRGIN BLOOM,,2023-05-23,,,1
SCORE,,2021-05-05,,,29
SECRET LIFE OF A CARTOONIST,,2023-09-27,,,0
"SECRET TEACHINGS OF ALL AGES, THE",,2018-08-24,,,0
SECRET TECHNIQUES OF WING CHUN KUNG FU,,2020-12-22,,,1
"SELF-DEFENSE HANDBOOK, THE",,2025-05-30,,,0
SENSUAL DISTRESS,,2021-05-11,,,2
"SEVEN MILITARY CLASSICS OF ANCIENT CHINA, THE",,2022-05-26,,,0
"SEX DEMON, THE",,2023-04-12,,,0
"SEX DEMON, THE",,2023-04-12,,,0
"SEX OFFENDER, THE",,2020-11-05,,,0
SEX PLAY,,2018-06-21,,,0
SEX POSITIONS FOR MEN,,2025-07-25,,,0
SEX-ED 101,,2021-01-06,,,0
"SEXUAL DEMON, THE",,2023-07-25,,,0
SEXUAL REFLEXOLOGY,,2023-04-12,,,0
SEXUAL SECRETS,,2021-08-17,,,0
SEXY CHEEKS,,2021-10-01,,,0
SHAOLIN KUNG FU,,2021-02-24,,,0
SHE COMES FIRST,,2021-08-16,,,0
SHE COMES FIRST,,2021-08-16,,,0
SHE COMES FIRST,,2021-08-16,,,0
SHIBARI,,2023-09-27,,,0
SHIORIS DIARY,,2021-11-12,,,0
SHOCK AND AWE-INMATE SERVICES,,2022-04-05,,,0
"SHOOTER'S BIBLE GUIDE TO FIREARMS ASSEMBLY, DI",,2025-07-25,,,0
SIMPLE TAILORING,,2023-05-03,,,0
SIMPLIFIED TAI CHI CHUAN,,2020-12-22,,,0
SIZZLE,,2022-02-02,,,0
SIZZLE,,2022-02-02,,,0
SLUTTY LIFE,,2023-05-11,,,0
"SMOOTHIES BIBLE, THE",,2022-01-06,,,0
SPANK 2,,2025-03-14,,,0
SPANK! THE ART OF FERENANDO CARETTA,,2021-01-06,,,0
SPYCRAFT,,2020-11-05,,,0
STARZ,,2020-10-08,,,12
STATEVILLE - THE PENITENTIARY IN MASS SOCIETY,,2024-08-13,,,0
STAY SCHEMIN: GOT RICH OFF SCAMS,,2024-08-13,,,0
STONY THE ROAD,,2022-11-01,,,0
SUBURBAN GANGSTAS,,2023-09-29,,,0
SUMMARY OF THE 33 STRATEGIES OF WAR,,2023-03-01,,,0
SUN TZU: ART OF WAR,,2023-05-09,,,0
SUNDOME!! MILKY WAY,,2023-03-21,,,4
SUNDOME!! MILKY WAY,,2023-04-12,,,5
SUPERIOR TATTOO BIBLE - BOOK ONE,,2022-08-26,,,0
SUPREME TEAM,,2022-05-26,,,0
"SUPREME TEAM, THE",,2021-03-24,,,0
"SUPREME TEAM, THE",,2021-03-24,,,0
SURVIVAL HACKS,,2021-05-06,,,0
SURVIVAL WISDOM AND KNOW-HOW,,2020-03-02,,,1
SURVIVING PRISON,,2025-03-14,,,0
SWANK MAGAZINE,,2022-01-06,,,247
SWANK MAGAZINE,,2024-09-27,,,0
SWANK MAGAZINE,,2024-12-17,,,266
SWANK MAGAZINE,,2025-03-14,,,268
SWANK MAGAZINE,,2025-03-14,,,267
SWANK MAGAZINE,,2025-05-30,,,269
TABU TATTOO,,2021-08-17,,,0
TABU TATTOO,,2021-08-17,,,0
TABU TATTOO,,2021-11-11,,,0
TABU TATTOO,,2021-11-11,,,0
TAI CHI FA JIN,,2021-03-11,,,0
TAKE ME HOME,,2023-03-21,,,0
TAO OF JEET KUNE DO,,2020-06-12,,,0
"TAO OF WING CHUN, THE",,2022-08-26,,,0
TATTOO BIBLE THE,,2022-06-16,,,0
TATTOO COURSE: THE ULTIMATE,,2022-06-16,,,0
TATTOO SOURCEBOOK,,2023-04-10,,,0
TATTOO SOURCEBOOK,,2023-04-10,,,0
TATTOO SOURCEBOOK,,2023-08-24,,,0
TATTOO TEXTBOOK,,2024-04-09,,,0
TATTOO TEXTBOOK,,2024-04-09,,,0
TEACH ME 3,,2021-01-06,,,3
TEACH ME TOO,,2021-01-06,,,0
TEMPLE WOTAN,,2021-08-16,,,0
"TESTAMENT OF SISTER NEW DEVIL STORM, THE",,2021-05-07,,,4
"TESTAMENT OF SISTER NEW DEVIL STORM, THE",,2021-05-07,,,2
"TESTAMENT OF SISTER NEW DEVIL STORM, THE",,2021-05-07,,,5
"TESTAMENT OF SISTER NEW DEVIL STORM, THE",,2022-07-28,,,7
THAI BOXING,,2024-08-16,,,0
THE ABOLITIONIST: A PUBLICATION OF CRITICAL RESIS,,2023-06-13,,,0
THE ADAM AND EVE GUIDE TO SEXUAL PLEASURE,,2023-06-13,,,0
THE ART OF THE CON,,2024-04-15,,,0
THE BIG BOOK OF BOOBS,,2024-09-27,,,0
THE BIG BOOK OF BOOBS,,2024-09-27,,,0
THE BIG BOOK OF BOOBS,,2024-09-27,,,0
THE BLUE PRESS,,2024-12-17,,,0
THE BOXXX MAGAZINE,,2024-12-17,,,5
THE BOXXX MAGAZINE,,2024-12-17,,,4
THE BOXXX MAGAZINE,,2024-12-17,,,1
THE BOXXX MAGAZINE,,2024-12-17,,,5
THE BOXXX MAGAZINE,,2024-12-17,,,4
THE BOXXX MAGAZINE,,2024-12-17,,,1
THE BOXXX MAGAZINE,,2024-12-17,,,5
THE BOXXX MAGAZINE,,2025-03-14,,,6
THE BOXXX MAGAZINE,,2025-03-14,,,6
THE BOXXX MAGAZINE,,2025-03-14,,,6
THE BOXXX MAGAZINE,,2025-03-14,,,0
THE BOXXX MAGAZINE,,2025-03-14,,,4
THE BOXXX MAGAZINE,,2025-03-14,,,2
THE BOXXX MAGAZINE,,2025-03-14,,,3
THE BOXXX MAGAZINE,,2025-03-14,,,3
THE BOXXX MAGAZINE,,2025-03-14,,,0
THE BOXXX MAGAZINE,,2025-03-14,,,4
THE BOXXX MAGAZINE,,2025-03-14,,,1
THE BOXXX MAGAZINE,,2025-03-14,,,1
THE CHAINS THAT BIND,,2023-07-25,,,0
THE DOPE GAME MISADVENTURES OF FAT CAT & PAPP,,2023-05-24,,,0
THE ESSENCE OF HAKKORYU JUJUTSU,,2024-08-13,,,0
THE FINE ART OF ERECTIONS,,2024-09-27,,,0
THE FINE ART OF ERECTIONS,,2024-09-27,,,0
THE HOME DISTILLING BIBLE,,2024-08-13,,,0
THE HOT HOUSE: LIFE INSIDE LEAVENWORTH PRISON,,2018-11-14,,,0
"THE I 57 MURDERER, THE STORY OF HENRY BRISBON",,2023-04-10,,,0
THE JOKER THE CLOWN PRINCE OF CRIME,,2023-03-01,,,0
THE LAST VICTIM,,2024-12-17,,,0
THE LITTLE BOOK OF TOM FINLAND: BLUE COLLAR,,2025-03-14,,,0
THE MAKING OF TRUE BLUE,,2024-05-24,,,0
THE PERFECT COURSE OF INSTRUCTION IN HYPNOTIS,,2023-05-16,,,0
THE PERFUMED GARDEN,,2023-05-16,,,0
THE RACIAL RACE: A COVERT RACE WAR,,2023-07-17,,,0
THE SAGAS OF MANN: EROTIC VIKING TALES,,2025-03-14,,,0
THE TRUE STORY OF THE HOUSTON MASS MURDERS,,2024-08-13,,,0
THE ULTIMATE BOOK OF EVERYDAY KNOTS,,2023-05-03,,,0
THE WOUNDED HEART,,2024-08-13,,,0
THOT,,2025-03-14,,,0
TITIKEI,,2023-04-10,,,0
TO LOVE RU DARKNESS,,2021-05-07,,,2
TO LOVE RU DARKNESS,,2021-05-07,,,5
TO LOVE RU DARKNESS,,2021-11-02,,,7
TO LOVE RU DARKNESS,,2021-11-03,,,12
TO LOVE RU DARKNESS,,2021-11-03,,,13
TO LOVE RU DARKNESS,,2021-11-03,,,14
TO LOVE RU DARKNESS,,2021-11-03,,,10
TO LOVE RU DARKNESS,,2021-11-03,,,11
TO LOVE RU DARKNESS,,2021-11-03,,,11
TO LOVE RU DARKNESS,,2021-11-03,,,11
TO LOVE RU DARKNESS,,2021-11-03,,,9
TO LOVE RU DARKNESS,,2021-11-03,,,1
TO LOVE RU DARKNESS,,2021-11-03,,,3
TO LOVE RU DARKNESS,,2021-11-03,,,4
TO LOVE RU DARKNESS,,2021-11-03,,,8
TO LOVE RU DARKNESS,,2021-11-03,,,6
"TONGS, GANGS AND TRIADS",,2023-05-24,,,0
TRAINING DAY,,2023-05-12,,,0
TRAINING MISTER SAKURADA,,2025-03-06,,,0
TRIAGE X,,2023-05-08,,,23
TRIAGE X - #22,,2023-04-10,,,0
TRIAGE X - #22,,2023-04-10,,,0
TROJAN WHORES,,2024-08-13,,,0
TWIN MILFS,,2023-05-08,,,0
U.S. ARMY GUERRILLA WARFARE HANDBOOK,,2025-03-14,,,0
U.S. ARMY GUERRILLA WARFARE HANDBOOK,,2025-03-14,,,0
U.S. ARMY GUERRILLA WARFARE HANDBOOK,,2025-03-14,,,0
U.S. ARMY GUIDE TO BOOBYTRAPS,,2020-11-05,,,0
U.S. ARMY GUIDE TO BOOBYTRAPS,,2020-11-05,,,0
U.S. ARMY HAND TO HAND COMBAT,,2023-06-13,,,0
U.S. ARMY HAND TO HAND COMBAT,,2023-06-13,,,0
U.S. ARMY INTELLIGENCE AND INTERROGATION HAND,,2019-04-04,,,0
U.S. ARMY RANGER HANDBOOK,,2020-10-08,,,0
U.S. ARMY SURVIVAL MANUAL,,2022-06-16,,,0
U.S. ARMY SURVIVAL MANUAL,,2022-06-16,,,0
ULTIMATE BOOK OF DECORATIVE KNOTS,,2023-05-03,,,0
ULTIMATE BOXING WOURKOUT,,2023-03-21,,,0
"ULTIMATE GUIDE TO BONDAGE, THE",,2019-07-02,,,0
"ULTIMATE GUIDE TO HOME BUTCHERING, THE",,,,,0
"ULTIMATE GUIDE TO HOME BUTCHERING, THE",,2019-11-25,,,0
"ULTIMATE GUIDE TO HOME BUTCHERING, THE",,2019-11-26,,,0
UNDER LOCK AND KEY,,2018-06-05,,,60
UNDER LOCK AND KEY,,2018-06-05,,,61
UNHOLY,,2022-03-08,,,5
UNHOLY,,2022-03-08,,,3
UNHOLY,,2022-03-09,,,1
UNHOLY,,2022-03-09,,,2
UNKNOWN,,2020-06-12,,,0
URBAN REALITY - STATE VS. US,,2023-04-10,,,6
VAMPIRES & VIRGINS,,2025-07-25,,,0
VIXEN,,2023-07-21,,,0
VIXEN,,2023-07-21,,,0
VIXEN,,2023-07-21,,,0
VOICE OF OUR FOREFATHERS,,2021-06-22,,,0
VOLUPTOUS,,2025-03-14,,,28
VOLUPTUOUS,,2019-12-12,,,25
VOLUPTUOUS,,2020-12-22,,,26
VOLUPTUOUS,,2021-05-05,,,27
VOLUPTUOUS,,2021-05-05,,,27
VOLUPTUOUS,,2021-05-05,,,27
VOLUPTUOUS,,2021-05-05,,,27
VOLUPTUOUS,,2021-05-05,,,27
VOLUPTUOUS,,2022-01-06,,,28
VOLUPTUOUS,,2025-03-14,,,28
WELCOME TO SUCCUBUS HIGH,,2023-06-13,,,3
WELCOME TO SUCCUBUS HIGH,,2023-09-27,,,2
WELCOME TO SUCCUBUS HIGH,,2023-09-27,,,1
WET DREAMS ON LOCKDOWN: THE COUNSELOR,,2025-07-25,,,0
WET DREAMS ON LOCKDOWN: THE FEMALE C.O,,2025-07-25,,,0
WET DREAMS ON LOCKDOWN: THE LIBRARIAN,,2025-07-25,,,0
WET DREAMS ON LOCKDOWN: THE NURSE,,2025-07-25,,,0
WET DREAMS ON LOCKDOWN: THE WARDEN,,2025-07-25,,,0
WHO ARE YOU: THE ENCYCLOPEDIA OF PERSONAL,,2021-01-06,,,0
WICKED WOMEN,,2024-05-24,,,0
WICKED WOMEN,,2024-05-24,,,0
WIFE IN SHORT SHORTS,,2020-01-30,,,0
WILD 18+,,2023-06-13,,,0
WILD 18+,,2024-06-04,,,0
WILD 18+,,2025-03-14,,,65
WILD MILFS,,2023-06-13,,,0
WING CHUN IN-DEPTH: SKILLS FOR COMBAT,,2025-03-14,,,0
"WITCHES OF ADAMAS, THE",,2023-03-01,,,2
"WITCHES OF ADAMAS, THE",,2023-03-01,,,2
"WITCHES OF ADAMAS, THE",,2023-09-27,,,4
"WITCHES OF ADAMAS, THE",,2025-03-06,,,3
"WITCHES OF ADAMAS, THE",,2025-03-06,,,7
"WITCHES OF ADAMAS, THE",,2025-03-06,,,1
"WITCHES OF ADAMAS, THE",,2025-03-06,,,3
"WITCHES OF ADAMAS, THE",,2025-03-06,,,5
"WITCHES OF ADAMAS, THE",,2025-03-06,,,6
"WITCHES OF ADAMAS, THE",,2025-03-06,,,7
"WITCHES OF ADAMAS, THE",,2025-03-06,,,7
"WITCHES OF ADAMAS, THE",,2025-03-06,,,7
"WITCHES OF ADAMAS, THE",,2025-03-06,,,8
"WITCHES OF ADAMAS, THE",,2025-03-06,,,8
WOMEN'S ANATOMY OF AROUSAL,,2022-09-15,,,0
WORLD'S END HAREM,,2021-05-07,,,9
WORLD'S END HAREM,,2021-05-07,,,8
WORST-CASE SCENARIO: SURVIVAL HANDBOOK,,2022-06-16,,,0
WOTONS HOLY RITES AND RITUAL: BOOK OF BLOTAR,,2022-06-16,,,0
"WU-TANG MANUAL, THE",,2018-04-25,,,0
XAVIERA'S SUPERSEX,,2024-04-15,,,0
XL GIRLS,,2020-10-22,,,0
XXL,,2023-08-24,,,26
XXL,,2023-09-29,,,25
XXL,,2024-12-17,,,0
XXL,,2024-12-17,,,0
XXL,,2024-12-17,,,0
XXL,,2024-12-17,,,0
XXX ADULT STORIES,,2021-06-23,,,0
XXX MAIDEN,,2023-05-23,,,0
YKTV MAGAZINE,,2022-08-25,,,13
YKTV MAGAZINE,,2022-08-25,,,13
YKTV MAGAZINE,,2022-08-25,,,13
YKTV MAGAZINE,,2022-08-25,,,13
YKTV MAGAZINE,,2022-11-01,,,14
YKTV MAGAZINE,,2023-04-10,,,18
YKTV MAGAZINE,,2023-04-10,,,10
YKTV MAGAZINE,,2023-04-10,,,18
YKTV MAGAZINE,,2023-04-10,,,18
YKTV MAGAZINE,,2023-05-09,,,12
YKTV MAGAZINE,,2023-05-09,,,0
YKTV MAGAZINE,,2023-05-09,,,0
YKTV MAGAZINE,,2023-05-09,,,12
YKTV MAGAZINE,,2023-06-05,,,17
YKTV MAGAZINE,,2023-06-13,,,17
YKTV MAGAZINE,,2023-06-13,,,17
YKTV MAGAZINE,,2023-06-13,,,17
YKTV MAGAZINE,,2023-06-13,,,17
YKTV MAGAZINE,,2023-06-13,,,12
YKTV MAGAZINE,,2023-06-13,,,12
YKTV MAGAZINE,,2023-06-13,,,12
YKTV MAGAZINE,,2023-06-13,,,14
YKTV MAGAZINE,,2023-06-13,,,18
YKTV MAGAZINE,,2023-06-13,,,17
YKTV MAGAZINE,,2023-06-13,,,18
YKTV MAGAZINE,,2023-08-03,,,3
YKTV MAGAZINE,,2023-08-14,,,15
YKTV MAGAZINE,,2023-08-14,,,0
YKTV MAGAZINE,,2023-09-27,,,20
YKTV MAGAZINE,,2023-09-27,,,20
YKTV MAGAZINE,,2023-09-29,,,20
YKTV MAGAZINE,,2024-04-09,,,11
YKTV MAGAZINE,,2024-05-24,,,21
YKTV MAGAZINE,,2024-05-24,,,21
YKTV MAGAZINE,,2024-05-24,,,24
YKTV MAGAZINE,,2024-05-24,,,21
YKTV MAGAZINE,,2024-05-24,,,21
YKTV MAGAZINE,,2024-05-24,,,24
YKTV MAGAZINE,,2024-05-24,,,24
YKTV MAGAZINE,,2024-06-04,,,24
YKTV MAGAZINE,,2024-06-04,,,21
YKTV MAGAZINE,,2024-06-04,,,21
YKTV MAGAZINE,,2024-06-04,,,24
YKTV MAGAZINE,,2024-06-04,,,24
YKTV MAGAZINE,,2024-08-16,,,22
YKTV MAGAZINE,,2024-08-16,,,22
YKTV MAGAZINE,,2024-08-16,,,23
YKTV MAGAZINE,,2024-08-16,,,23
YKTV MAGAZINE,,2024-08-16,,,23
YKTV MAGAZINE,,2024-08-16,,,23
YKTV MAGAZINE,,2024-08-16,,,23
YKTV MAGAZINE,,2024-08-16,,,11
YKTV MAGAZINE,,2024-09-27,,,26
YKTV MAGAZINE,,2024-09-27,,,25
YKTV MAGAZINE,,2024-09-27,,,9
YKTV MAGAZINE,,2024-09-27,,,25
YKTV MAGAZINE,,2024-09-27,,,25
YKTV MAGAZINE,,2024-09-27,,,25
YKTV MAGAZINE,,2024-09-27,,,26
YKTV MAGAZINE,,2024-09-27,,,26
YKTV MAGAZINE,,2024-09-27,,,26
YKTV MAGAZINE,,2024-12-17,,,27
YKTV MAGAZINE,,2024-12-17,,,27
YKTV MAGAZINE,,2024-12-17,,,19
YKTV MAGAZINE,,2024-12-17,,,17
YKTV MAGAZINE,,2024-12-17,,,15
YKTV MAGAZINE,,2024-12-17,,,0
YKTV MAGAZINE,,2024-12-17,,,0
YKTV MAGAZINE,,2024-12-17,,,0
YKTV MAGAZINE,,2024-12-17,,,0
YKTV MAGAZINE,,2024-12-17,,,27
YKTV MAGAZINE,,2025-03-14,,,29
YKTV MAGAZINE,,2025-03-14,,,18
YKTV MAGAZINE,,2025-03-14,,,18
YKTV MAGAZINE,,2025-03-14,,,29
YKTV MAGAZINE,,2025-03-14,,,29
YKTV MAGAZINE,,2025-03-14,,,28
YKTV MAGAZINE,,2025-03-14,,,28
YKTV MAGAZINE,,2025-03-14,,,28
YKTV MAGAZINE,,2025-03-14,,,18
YKTV MAGAZINE,,2025-03-14,,,30
YKTV MAGAZINE,,2025-03-14,,,30
YKTV MAGAZINE,,2025-03-14,,,30
YKTV MAGAZINE,,2025-03-14,,,18
YKTV MAGAZINE,,2025-03-14,,,29
YKTV MAGAZINE,,2025-03-14,,,29
YKTV MAGAZINE,,2025-03-14,,,29
YKTV MAGAZINE,,2025-03-14,,,3
YKTV MAGAZINE,,2025-03-14,,,9
YKTV MAGAZINE,,2025-03-14,,,29
YKTV MAGAZINE,,2025-03-14,,,29
YKTV MAGAZINE,,2025-03-14,,,15
YKTV MAGAZINE,,2025-03-14,,,28
YKTV MAGAZINE,,2025-03-14,,,28
YKTV MAGAZINE,,2025-03-14,,,28
YKTV MAGAZINE,,2025-03-14,,,28
YKTV MAGAZINE,,2025-05-30,,,7
YKTV MAGAZINE,,2025-05-30,,,4
YKTV MAGAZINE,,2025-05-30,,,31
YKTV MAGAZINE,,2025-05-30,,,4
YKTV MAGAZINE,,2025-05-30,,,3
YKTV MAGAZINE,,2025-05-30,,,4
YKTV MAGAZINE,,2025-05-30,,,5
YKTV MAGAZINE,,2025-05-30,,,31
YKTV MAGAZINE,,2025-05-30,,,18
YKTV MAGAZINE,,2025-05-30,,,31
YKTV MAGAZINE,,2025-07-25,,,2
YKTV MAGAZINE,,2025-07-25,,,32
YKTV MAGAZINE,,2025-07-25,,,32
YKTV MAGAZINE,,2025-07-25,,,32
YKTV MAGAZINE,,2025-07-25,,,32
YKTV MAGAZINE,,2025-07-25,,,32
YKTV MAGAZINE,,2025-07-25,,,32
YKTV MAGAZINE,,2025-07-25,,,32
YKTV MAGAZINE,,2025-07-25,,,32
YKTV MAGAZINE,,2025-07-25,,,8
YKTV MAGAZINE,,2025-07-25,,,3
YKTV MAGAZINE,,2025-07-25,,,8
YOU WANT TO HAVE AMAZING SEX,,2022-11-01,,,0
YUUNA AND THE HAUNTED HOT SPRINGS,,2023-03-21,,,4
